SEKTOR,1,2,3,4,5,6,7,8,9,10,11,12,13,14,15,16,17,18,19,20,21,22,23,24,25,26,27,28,29,30,31,32,33,34,35,36,37,38,39,40,41,42,43,44,45,46,47,48,49,50,51,52,53,54,55,56,57,58,59,60,61,62,63,64,65,66,67,68,69,70,71,72,73,74,75,76,77,78,79,80,81,82,83,84,85,86,87,88,89,90,91,92,93,94,95,96,97,98,99,100,180,301,302,303,304,305,307,308,309,310,407,408,409,501,503,509,600,700
1,361952.00,0.00,0.00,0.00,0.00,0.00,0.00,0.00,0.00,0.00,0.00,0.00,0.00,0.00,0.00,0.00,0.00,0.00,1143.00,0.00,1217.00,0.00,2442.00,480.00,0.00,213.00,0.00,0.00,0.00,0.00,0.00,0.00,0.00,0.00,0.00,0.00,0.00,0.00,0.00,0.00,2815033.00,0.00,0.00,0.00,0.00,0.00,0.00,0.00,0.00,0.00,0.00,0.00,0.00,0.00,0.00,0.00,0.00,0.00,0.00,0.00,0.00,0.00,0.00,0.00,0.00,0.00,0.00,0.00,0.00,0.00,0.00,0.00,0.00,0.00,0.00,0.00,0.00,0.00,0.00,0.00,0.00,0.00,0.00,0.00,0.00,0.00,0.00,0.00,0.00,0.00,0.00,0.00,0.00,0.00,0.00,0.00,0.00,0.00,0.00,0.00,3182479.00,0.00,0.00,0.00,5549608.00,0.00,1667573.00,1667573.00,7217181.00,10399660.00,0.00,139640.00,139640.00,0.00,0.00,0.00,10260019.00,10399659.00
2,0.00,149009.00,0.00,0.00,0.00,0.00,0.00,0.00,0.00,0.00,0.00,0.00,0.00,0.00,0.00,0.00,0.00,0.00,5064.00,0.00,2489.00,7450.00,8566.00,79.00,34539.00,526.00,0.00,0.00,0.00,0.00,0.00,80.00,580.00,205.00,0.00,0.00,0.00,0.00,7228.00,1794.00,684.00,2476.00,21811.00,0.00,5498.00,528176.00,0.00,0.00,0.00,0.00,0.00,0.00,0.00,0.00,0.00,0.00,0.00,0.00,0.00,0.00,0.00,0.00,0.00,0.00,0.00,0.00,0.00,0.00,0.00,0.00,0.00,0.00,0.00,29754.00,146578.00,0.00,0.00,0.00,0.00,0.00,321.00,0.00,0.00,0.00,0.00,0.00,0.00,0.00,0.00,0.00,0.00,0.00,0.00,0.00,0.00,0.00,0.00,1210.00,0.00,0.00,954116.00,445155.00,0.00,0.00,186367.00,0.00,2020555.00,2020555.00,2652076.00,3606192.00,0.00,6380.00,6380.00,0.00,0.00,0.00,3599811.00,3606192.00
3,0.00,0.00,114167.00,0.00,0.00,0.00,0.00,0.00,0.00,0.00,0.00,0.00,0.00,0.00,0.00,0.00,0.00,0.00,1695.00,0.00,933.00,0.00,0.00,288.00,0.00,197.00,0.00,0.00,0.00,0.00,0.00,39.00,279.00,0.00,0.00,0.00,0.00,0.00,0.00,0.00,0.00,6183.00,0.00,0.00,0.00,0.00,0.00,0.00,0.00,0.00,0.00,0.00,0.00,0.00,0.00,0.00,0.00,0.00,0.00,0.00,0.00,0.00,0.00,0.00,0.00,0.00,0.00,0.00,0.00,0.00,0.00,0.00,0.00,10039.00,137235.00,0.00,0.00,0.00,0.00,0.00,185.00,0.00,0.00,0.00,0.00,0.00,0.00,0.00,0.00,0.00,0.00,0.00,0.00,0.00,0.00,0.00,0.00,483.00,0.00,0.00,271724.00,207666.00,0.00,0.00,125615.00,0.00,646186.00,646186.00,979467.00,1251191.00,0.00,3693.00,3693.00,0.00,0.00,0.00,1247498.00,1251191.00
4,0.00,0.00,0.00,14341.00,0.00,0.00,0.00,0.00,0.00,0.00,0.00,0.00,0.00,0.00,0.00,0.00,0.00,0.00,0.00,0.00,0.00,0.00,0.00,0.00,0.00,0.00,0.00,0.00,0.00,0.00,0.00,0.00,0.00,0.00,0.00,0.00,0.00,0.00,0.00,0.00,0.00,0.00,0.00,0.00,148286.00,0.00,0.00,0.00,0.00,0.00,0.00,0.00,0.00,0.00,0.00,0.00,0.00,0.00,0.00,0.00,0.00,0.00,0.00,0.00,0.00,0.00,0.00,0.00,0.00,0.00,0.00,0.00,0.00,6114.00,74021.00,0.00,0.00,0.00,0.00,0.00,176.00,0.00,0.00,0.00,0.00,0.00,0.00,0.00,0.00,0.00,0.00,0.00,0.00,0.00,0.00,0.00,711.00,127.00,0.00,0.00,243775.00,52271.00,0.00,0.00,58189.00,0.00,506861.00,506861.00,617322.00,861097.00,0.00,522.00,522.00,0.00,0.00,0.00,860574.00,861097.00
5,0.00,0.00,0.00,0.00,85848.00,0.00,0.00,0.00,0.00,0.00,0.00,0.00,0.00,0.00,0.00,0.00,0.00,0.00,268.00,0.00,239.00,0.00,0.00,5.00,1829.00,31.00,0.00,0.00,0.00,0.00,0.00,31.00,217.00,0.00,0.00,0.00,0.00,0.00,950.00,0.00,0.00,0.00,4665.00,0.00,2781.00,0.00,3.00,0.00,0.00,0.00,0.00,0.00,0.00,0.00,0.00,0.00,0.00,0.00,0.00,0.00,0.00,0.00,0.00,0.00,0.00,0.00,0.00,0.00,0.00,0.00,0.00,0.00,0.00,11541.00,719613.00,0.00,0.00,0.00,0.00,56.00,853.00,0.00,0.00,0.00,0.00,0.00,0.00,0.00,0.00,0.00,0.00,0.00,0.00,0.00,0.00,0.00,1940.00,14175.00,0.00,0.00,845044.00,1644621.00,0.00,0.00,0.00,0.00,1118578.00,1118578.00,2763199.00,3608243.00,0.00,2108655.00,2108655.00,0.00,0.00,0.00,1499588.00,3608243.00
6,0.00,0.00,0.00,0.00,0.00,79657.00,0.00,0.00,0.00,0.00,0.00,0.00,0.00,0.00,0.00,0.00,0.00,0.00,887.00,0.00,669.00,0.00,655.00,139.00,6047.00,103.00,0.00,0.00,0.00,0.00,0.00,0.00,0.00,0.00,0.00,0.00,0.00,0.00,25090.00,0.00,0.00,0.00,25074.00,0.00,3402.00,0.00,101.00,0.00,0.00,0.00,0.00,0.00,0.00,0.00,0.00,0.00,0.00,0.00,0.00,0.00,0.00,0.00,0.00,0.00,0.00,0.00,0.00,0.00,0.00,0.00,0.00,0.00,0.00,2744.00,814837.00,0.00,0.00,0.00,0.00,115.00,660.00,596.00,0.00,0.00,0.00,0.00,0.00,0.00,0.00,0.00,0.00,0.00,0.00,0.00,0.00,0.00,1683.00,14048.00,0.00,0.00,1001166.00,3018010.00,0.00,0.00,202985.00,0.00,2311841.00,2311841.00,5532835.00,6534002.00,0.00,2153007.00,2153007.00,0.00,0.00,0.00,4380995.00,6534002.00
7,0.00,0.00,0.00,0.00,0.00,0.00,23453.00,0.00,0.00,0.00,0.00,0.00,0.00,0.00,0.00,0.00,0.00,0.00,0.00,0.00,0.00,0.00,0.00,0.00,0.00,0.00,0.00,0.00,0.00,0.00,0.00,1.00,32.00,0.00,0.00,0.00,0.00,0.00,0.00,0.00,0.00,0.00,0.00,0.00,0.00,1275.00,0.00,0.00,0.00,0.00,0.00,0.00,0.00,0.00,0.00,0.00,0.00,0.00,0.00,0.00,0.00,0.00,0.00,0.00,0.00,0.00,0.00,0.00,0.00,0.00,0.00,0.00,0.00,1292.00,56237.00,0.00,0.00,0.00,0.00,10.00,217.00,0.00,0.00,0.00,0.00,0.00,0.00,0.00,0.00,0.00,0.00,0.00,0.00,0.00,0.00,0.00,499.00,942.00,0.00,0.00,83957.00,616194.00,0.00,0.00,20763.00,0.00,92974.00,92974.00,729931.00,813888.00,0.00,420112.00,420112.00,0.00,0.00,0.00,393775.00,813888.00
8,0.00,0.00,0.00,0.00,0.00,0.00,0.00,63393.00,0.00,0.00,0.00,0.00,0.00,0.00,0.00,0.00,0.00,0.00,114.00,0.00,799.00,0.00,629.00,278.00,0.00,542.00,0.00,0.00,0.00,0.00,0.00,2.00,24.00,0.00,0.00,0.00,0.00,0.00,0.00,0.00,0.00,452.00,0.00,0.00,811.00,0.00,0.00,0.00,0.00,0.00,0.00,0.00,0.00,0.00,0.00,0.00,0.00,0.00,0.00,0.00,0.00,0.00,0.00,0.00,0.00,0.00,0.00,0.00,0.00,0.00,0.00,0.00,0.00,926.00,32638.00,0.00,0.00,0.00,0.00,49.00,488.00,0.00,0.00,0.00,0.00,0.00,0.00,0.00,0.00,0.00,0.00,0.00,0.00,0.00,0.00,0.00,245.00,3401.00,0.00,0.00,104791.00,1294938.00,0.00,0.00,0.00,0.00,0.00,0.00,1294938.00,1399729.00,0.00,395901.00,395901.00,0.00,0.00,0.00,1003828.00,1399729.00
9,0.00,0.00,0.00,0.00,0.00,0.00,0.00,0.00,20294.00,0.00,0.00,0.00,0.00,0.00,0.00,0.00,0.00,0.00,161.00,0.00,272.00,0.00,231.00,11.00,691.00,224.00,0.00,0.00,0.00,0.00,0.00,0.00,51.00,0.00,0.00,0.00,0.00,0.00,0.00,20.00,0.00,295.00,0.00,0.00,169.00,0.00,0.00,0.00,0.00,0.00,0.00,0.00,0.00,0.00,0.00,0.00,0.00,0.00,0.00,0.00,0.00,0.00,0.00,0.00,0.00,0.00,0.00,0.00,0.00,0.00,0.00,0.00,0.00,140.00,7796.00,0.00,0.00,0.00,0.00,0.00,261.00,0.00,0.00,0.00,0.00,0.00,0.00,0.00,0.00,0.00,0.00,0.00,0.00,0.00,0.00,0.00,106.00,1820.00,0.00,0.00,32542.00,741238.00,0.00,0.00,0.00,0.00,0.00,0.00,741238.00,773780.00,0.00,275340.00,275340.00,0.00,0.00,0.00,498440.00,773780.00
10,0.00,0.00,0.00,0.00,0.00,0.00,0.00,0.00,0.00,93046.00,0.00,0.00,0.00,0.00,0.00,0.00,0.00,0.00,0.00,0.00,0.00,0.00,0.00,0.00,0.00,0.00,0.00,0.00,0.00,0.00,0.00,0.00,0.00,0.00,0.00,0.00,0.00,0.00,0.00,0.00,0.00,0.00,0.00,1065404.00,0.00,2140.00,0.00,0.00,0.00,0.00,0.00,0.00,0.00,0.00,0.00,0.00,0.00,0.00,0.00,0.00,0.00,0.00,0.00,0.00,0.00,0.00,0.00,0.00,0.00,0.00,0.00,0.00,0.00,0.00,0.00,0.00,0.00,0.00,0.00,0.00,0.00,0.00,0.00,0.00,0.00,0.00,0.00,0.00,0.00,0.00,0.00,0.00,0.00,0.00,0.00,0.00,0.00,0.00,0.00,0.00,1160591.00,73829.00,0.00,0.00,170.00,0.00,1334365.00,1334365.00,1408364.00,2568954.00,0.00,0.00,0.00,0.00,0.00,0.00,2568954.00,2568954.00
11,0.00,0.00,0.00,0.00,0.00,0.00,0.00,0.00,0.00,0.00,94853.00,0.00,0.00,0.00,0.00,0.00,0.00,0.00,0.00,0.00,0.00,0.00,0.00,0.00,0.00,0.00,0.00,0.00,0.00,0.00,0.00,13.00,101.00,0.00,0.00,0.00,0.00,0.00,89.00,19580.00,0.00,0.00,6810.00,1894.00,27632.00,19769.00,756.00,0.00,0.00,0.00,0.00,1310.00,0.00,0.00,0.00,0.00,498.00,0.00,0.00,0.00,0.00,0.00,0.00,0.00,0.00,0.00,0.00,0.00,0.00,0.00,0.00,0.00,0.00,4800.00,255775.00,0.00,0.00,0.00,0.00,13.00,152.00,0.00,0.00,0.00,0.00,0.00,0.00,0.00,0.00,0.00,0.00,0.00,0.00,0.00,0.00,0.00,82.00,434.00,0.00,0.00,434564.00,3028933.00,0.00,0.00,72883.00,0.00,569411.00,569411.00,3671227.00,4105791.00,0.00,12516.00,12516.00,0.00,0.00,0.00,4093275.00,4105791.00
12,0.00,0.00,0.00,0.00,0.00,0.00,0.00,0.00,0.00,0.00,0.00,786.00,0.00,0.00,0.00,0.00,0.00,0.00,0.00,0.00,0.00,0.00,0.00,0.00,0.00,0.00,0.00,0.00,1.00,0.00,0.00,0.00,0.00,0.00,0.00,0.00,0.00,0.00,300.00,0.00,0.00,0.00,0.00,0.00,217.00,0.00,0.00,340720.00,0.00,0.00,0.00,0.00,0.00,0.00,0.00,214.00,323.00,0.00,0.00,0.00,0.00,0.00,0.00,0.00,0.00,0.00,0.00,0.00,0.00,0.00,0.00,0.00,0.00,0.00,0.00,0.00,0.00,0.00,0.00,0.00,0.00,0.00,0.00,0.00,0.00,0.00,0.00,0.00,0.00,0.00,0.00,0.00,0.00,0.00,0.00,0.00,0.00,0.00,0.00,0.00,342561.00,0.00,0.00,0.00,0.00,0.00,412800.00,412800.00,412800.00,755361.00,0.00,628182.00,628182.00,0.00,0.00,0.00,127179.00,755361.00
13,0.00,0.00,0.00,0.00,0.00,0.00,0.00,0.00,0.00,0.00,0.00,0.00,77.00,0.00,0.00,0.00,0.00,0.00,0.00,0.00,0.00,0.00,0.00,0.00,0.00,0.00,0.00,0.00,0.00,0.00,0.00,0.00,0.00,0.00,0.00,0.00,0.00,0.00,0.00,0.00,0.00,0.00,0.00,0.00,0.00,0.00,2019.00,0.00,0.00,0.00,0.00,0.00,0.00,0.00,0.00,0.00,0.00,0.00,0.00,0.00,0.00,0.00,0.00,0.00,0.00,0.00,0.00,0.00,0.00,0.00,0.00,0.00,0.00,0.00,0.00,0.00,0.00,0.00,0.00,0.00,0.00,0.00,0.00,0.00,0.00,0.00,0.00,0.00,0.00,0.00,0.00,0.00,0.00,0.00,0.00,0.00,0.00,0.00,0.00,0.00,2097.00,0.00,0.00,0.00,188.00,19753.00,4664.00,24417.00,24605.00,26702.00,2351.00,4654.00,7005.00,0.00,0.00,0.00,19696.00,26701.00
14,0.00,0.00,0.00,0.00,0.00,0.00,0.00,0.00,0.00,0.00,0.00,0.00,0.00,11588.00,0.00,0.00,0.00,0.00,0.00,0.00,0.00,0.00,0.00,0.00,0.00,0.00,0.00,0.00,0.00,0.00,0.00,0.00,0.00,0.00,0.00,0.00,0.00,0.00,0.00,0.00,0.00,0.00,0.00,0.00,0.00,0.00,0.00,0.00,263622.00,0.00,0.00,0.00,0.00,0.00,0.00,0.00,0.00,0.00,0.00,0.00,0.00,0.00,0.00,0.00,0.00,0.00,0.00,0.00,0.00,0.00,0.00,0.00,0.00,0.00,0.00,0.00,0.00,0.00,0.00,0.00,0.00,0.00,0.00,0.00,0.00,0.00,0.00,0.00,0.00,0.00,0.00,0.00,0.00,0.00,0.00,0.00,0.00,0.00,0.00,0.00,275210.00,0.00,0.00,0.00,214.00,0.00,487359.00,487359.00,487573.00,762783.00,0.00,85.00,85.00,0.00,0.00,0.00,762699.00,762783.00
15,0.00,0.00,0.00,0.00,0.00,0.00,0.00,0.00,0.00,0.00,0.00,0.00,0.00,0.00,107.00,0.00,0.00,0.00,0.00,0.00,0.00,0.00,0.00,0.00,0.00,0.00,0.00,0.00,3.00,0.00,0.00,0.00,0.00,0.00,0.00,0.00,0.00,0.00,0.00,0.00,0.00,0.00,0.00,0.00,0.00,0.00,0.00,0.00,0.00,0.00,0.00,0.00,0.00,0.00,0.00,0.00,0.00,0.00,0.00,0.00,0.00,0.00,0.00,0.00,0.00,0.00,0.00,0.00,0.00,0.00,0.00,0.00,0.00,0.00,0.00,0.00,0.00,0.00,0.00,0.00,0.00,0.00,0.00,0.00,0.00,0.00,0.00,0.00,0.00,0.00,0.00,0.00,0.00,0.00,0.00,0.00,0.00,0.00,0.00,0.00,110.00,0.00,0.00,0.00,7256.00,417793.00,53815.00,471608.00,478864.00,478974.00,58498.00,50312.00,108810.00,0.00,0.00,0.00,370164.00,478974.00
16,0.00,0.00,0.00,0.00,0.00,0.00,0.00,0.00,0.00,0.00,0.00,0.00,0.00,0.00,0.00,0.00,0.00,0.00,0.00,0.00,0.00,0.00,0.00,0.00,0.00,0.00,0.00,0.00,0.00,0.00,0.00,0.00,0.00,0.00,0.00,0.00,0.00,0.00,0.00,656222.00,0.00,0.00,0.00,0.00,0.00,0.00,0.00,0.00,0.00,0.00,0.00,0.00,0.00,0.00,0.00,0.00,0.00,0.00,0.00,0.00,0.00,0.00,0.00,0.00,0.00,0.00,0.00,0.00,0.00,0.00,0.00,0.00,0.00,0.00,0.00,0.00,0.00,0.00,0.00,0.00,0.00,0.00,0.00,0.00,0.00,0.00,0.00,0.00,0.00,0.00,0.00,0.00,0.00,0.00,0.00,0.00,0.00,0.00,0.00,0.00,656222.00,0.00,0.00,0.00,0.00,0.00,0.00,0.00,0.00,656222.00,0.00,656221.00,656221.00,0.00,0.00,0.00,0.00,656221.00
17,0.00,0.00,0.00,0.00,0.00,0.00,0.00,0.00,0.00,0.00,0.00,0.00,0.00,0.00,0.00,0.00,137.00,0.00,0.00,0.00,0.00,0.00,0.00,0.00,0.00,0.00,0.00,0.00,4.00,0.00,0.00,0.00,0.00,0.00,0.00,0.00,0.00,0.00,0.00,0.00,0.00,0.00,0.00,0.00,0.00,0.00,0.00,0.00,0.00,119288.00,0.00,0.00,0.00,0.00,0.00,0.00,0.00,0.00,18426.00,0.00,0.00,0.00,132.00,0.00,0.00,0.00,0.00,0.00,0.00,0.00,0.00,0.00,0.00,0.00,0.00,0.00,0.00,0.00,0.00,0.00,0.00,0.00,0.00,0.00,0.00,0.00,0.00,0.00,0.00,0.00,0.00,0.00,0.00,0.00,0.00,0.00,0.00,0.00,0.00,0.00,137987.00,0.00,0.00,0.00,455.00,0.00,70288.00,70288.00,70742.00,208730.00,0.00,128416.00,128416.00,0.00,0.00,0.00,80314.00,208730.00
18,0.00,0.00,0.00,0.00,0.00,0.00,0.00,0.00,0.00,286.00,5199.00,4.00,37.00,561.00,2.00,0.00,101.00,12528.00,9996.00,0.00,15687.00,0.00,0.00,345.00,12221.00,0.00,0.00,0.00,0.00,0.00,0.00,0.00,0.00,0.00,0.00,0.00,0.00,0.00,0.00,0.00,0.00,0.00,0.00,0.00,13831.00,0.00,10247.00,9262.00,0.00,0.00,0.00,0.00,0.00,0.00,0.00,342120.00,132908.00,0.00,0.00,0.00,0.00,0.00,0.00,0.00,0.00,0.00,0.00,1478.00,0.00,0.00,0.00,0.00,0.00,153.00,332.00,0.00,0.00,0.00,0.00,108.00,178.00,0.00,0.00,0.00,0.00,0.00,0.00,0.00,0.00,0.00,0.00,0.00,0.00,0.00,0.00,0.00,25.00,276.00,0.00,0.00,567886.00,596477.00,747.00,0.00,2413.00,485058.00,386773.00,871831.00,1471467.00,2039353.00,1538995.00,24107.00,1563102.00,0.00,0.00,0.00,476252.00,2039353.00
19,0.00,1056.00,1122.00,895.00,2138.00,1116.00,341.00,1041.00,949.00,0.00,0.00,49.00,0.00,0.00,0.00,0.00,84.00,42.00,5140.00,10550.00,0.00,0.00,0.00,0.00,19967.00,0.00,0.00,0.00,0.00,0.00,0.00,0.00,0.00,0.00,0.00,0.00,0.00,0.00,0.00,0.00,0.00,0.00,0.00,0.00,0.00,0.00,0.00,0.00,0.00,0.00,0.00,0.00,0.00,0.00,0.00,0.00,0.00,0.00,0.00,0.00,0.00,0.00,0.00,0.00,0.00,0.00,0.00,0.00,0.00,0.00,0.00,0.00,0.00,0.00,0.00,0.00,0.00,0.00,0.00,0.00,0.00,0.00,134.00,0.00,0.00,0.00,0.00,0.00,0.00,0.00,0.00,0.00,0.00,0.00,0.00,0.00,0.00,0.00,0.00,0.00,44622.00,0.00,932.00,0.00,20667.00,0.00,430604.00,430604.00,452203.00,496825.00,0.00,88058.00,88058.00,0.00,0.00,0.00,408768.00,496825.00
20,0.00,0.00,0.00,0.00,0.00,0.00,0.00,0.00,0.00,0.00,0.00,0.00,0.00,0.00,0.00,0.00,0.00,0.00,0.00,0.00,0.00,0.00,0.00,0.00,0.00,0.00,0.00,0.00,0.00,0.00,0.00,0.00,0.00,0.00,0.00,0.00,0.00,0.00,0.00,0.00,0.00,0.00,0.00,0.00,0.00,2405.00,0.00,0.00,0.00,389414.00,3959583.00,0.00,0.00,0.00,0.00,0.00,0.00,0.00,0.00,0.00,0.00,0.00,0.00,0.00,0.00,0.00,0.00,11269.00,0.00,0.00,0.00,0.00,0.00,108589.00,961234.00,0.00,0.00,0.00,0.00,59.00,880.00,0.00,0.00,0.00,0.00,0.00,0.00,0.00,0.00,0.00,0.00,0.00,0.00,0.00,0.00,0.00,1498.00,22374.00,0.00,0.00,5457284.00,3072021.00,0.00,0.00,0.00,15430.00,89938.00,105368.00,3177390.00,8634674.00,0.00,8205310.00,8205310.00,0.00,0.00,0.00,429364.00,8634674.00
21,0.00,0.00,0.00,0.00,0.00,0.00,0.00,870.00,433.00,199.00,72.00,34.00,0.00,105.00,7.00,0.00,29.00,62.00,0.00,0.00,9364.00,0.00,0.00,0.00,0.00,0.00,0.00,0.00,0.00,0.00,0.00,0.00,0.00,0.00,0.00,0.00,0.00,0.00,0.00,0.00,0.00,0.00,0.00,0.00,0.00,0.00,0.00,0.00,0.00,0.00,0.00,0.00,0.00,0.00,0.00,0.00,0.00,0.00,0.00,0.00,0.00,0.00,0.00,0.00,0.00,0.00,0.00,0.00,0.00,0.00,0.00,0.00,0.00,14942.00,473468.00,0.00,0.00,0.00,0.00,0.00,660.00,0.00,0.00,0.00,0.00,0.00,0.00,0.00,0.00,0.00,0.00,0.00,0.00,0.00,0.00,0.00,0.00,258.00,0.00,0.00,500502.00,574253.00,110.00,20275.00,0.00,0.00,82082.00,82082.00,676719.00,1177221.00,0.00,516933.00,516933.00,0.00,0.00,0.00,660289.00,1177221.00
22,0.00,0.00,0.00,0.00,0.00,0.00,0.00,0.00,0.00,0.00,0.00,0.00,0.00,0.00,0.00,0.00,0.00,0.00,0.00,0.00,0.00,0.00,0.00,0.00,0.00,0.00,0.00,0.00,0.00,0.00,24.00,1.00,15.00,0.00,0.00,0.00,0.00,0.00,0.00,0.00,0.00,0.00,0.00,0.00,0.00,0.00,0.00,0.00,0.00,0.00,0.00,0.00,0.00,0.00,0.00,0.00,0.00,0.00,0.00,0.00,0.00,0.00,0.00,0.00,0.00,0.00,0.00,0.00,0.00,0.00,0.00,0.00,0.00,8958.00,227841.00,0.00,0.00,0.00,0.00,47.00,296.00,8.00,0.00,0.00,0.00,0.00,0.00,0.00,0.00,0.00,0.00,0.00,0.00,0.00,0.00,0.00,0.00,1179.00,0.00,0.00,238368.00,1013504.00,0.00,0.00,906.00,616.00,10019.00,10635.00,1025045.00,1263412.00,955.00,291364.00,292320.00,0.00,0.00,0.00,971093.00,1263412.00
23,0.00,0.00,0.00,0.00,3174.00,5668.00,216.00,0.00,0.00,161.00,109.00,219.00,0.00,2059.00,7.00,0.00,37.00,95.00,0.00,0.00,0.00,282850.00,151836.00,0.00,0.00,0.00,0.00,0.00,0.00,0.00,76.00,2.00,46.00,0.00,0.00,0.00,0.00,0.00,0.00,0.00,0.00,0.00,0.00,0.00,0.00,0.00,0.00,0.00,0.00,0.00,0.00,0.00,0.00,0.00,0.00,0.00,0.00,0.00,0.00,0.00,0.00,0.00,0.00,0.00,0.00,0.00,0.00,0.00,0.00,0.00,0.00,0.00,0.00,180709.00,720651.00,0.00,0.00,0.00,0.00,155.00,435.00,59.00,0.00,0.00,0.00,0.00,0.00,0.00,0.00,0.00,0.00,0.00,0.00,0.00,0.00,0.00,0.00,3818.00,0.00,0.00,1352382.00,2360194.00,0.00,0.00,2722.00,0.00,0.00,0.00,2362915.00,3715297.00,0.00,1191090.00,1191090.00,0.00,0.00,0.00,2524207.00,3715297.00
24,0.00,7800.00,1119.00,2258.00,2850.00,1966.00,413.00,1390.00,691.00,539.00,146.00,61.00,0.00,266.00,6.00,0.00,40.00,129.00,0.00,0.00,0.00,0.00,0.00,228.00,0.00,0.00,0.00,0.00,0.00,0.00,0.00,0.00,0.00,0.00,0.00,0.00,0.00,0.00,0.00,0.00,0.00,0.00,0.00,0.00,0.00,0.00,0.00,0.00,0.00,0.00,0.00,0.00,0.00,0.00,0.00,0.00,0.00,0.00,0.00,0.00,0.00,0.00,0.00,0.00,0.00,0.00,0.00,0.00,0.00,0.00,0.00,0.00,0.00,0.00,0.00,0.00,0.00,0.00,0.00,0.00,0.00,0.00,0.00,0.00,0.00,0.00,0.00,0.00,0.00,0.00,0.00,0.00,0.00,0.00,0.00,0.00,0.00,0.00,0.00,0.00,19902.00,14884.00,2.00,2635.00,302.00,0.00,0.00,0.00,17823.00,37725.00,0.00,24647.00,24647.00,0.00,0.00,0.00,13078.00,37724.00
25,0.00,0.00,0.00,0.00,0.00,0.00,0.00,351.00,175.00,0.00,0.00,0.00,0.00,0.00,0.00,0.00,0.00,0.00,0.00,0.00,0.00,0.00,0.00,0.00,0.00,0.00,0.00,0.00,0.00,0.00,0.00,0.00,0.00,0.00,0.00,0.00,0.00,0.00,15758.00,0.00,0.00,0.00,0.00,0.00,0.00,0.00,4922.00,0.00,0.00,0.00,0.00,0.00,0.00,0.00,0.00,0.00,0.00,0.00,0.00,0.00,0.00,0.00,0.00,0.00,0.00,0.00,0.00,0.00,0.00,0.00,0.00,0.00,0.00,29200.00,236818.00,0.00,0.00,0.00,0.00,54.00,107.00,38.00,0.00,0.00,0.00,0.00,0.00,0.00,0.00,0.00,0.00,0.00,0.00,0.00,0.00,0.00,0.00,298.00,0.00,0.00,287721.00,131844.00,0.00,297974.00,688.00,0.00,0.00,0.00,430506.00,718227.00,0.00,236371.00,236371.00,0.00,0.00,0.00,481856.00,718227.00
26,0.00,0.00,0.00,0.00,0.00,0.00,0.00,164.00,81.00,8451.00,47.00,47.00,0.00,145.00,9.00,0.00,10.00,38.00,0.00,11250.00,0.00,0.00,0.00,0.00,0.00,0.00,0.00,0.00,0.00,0.00,0.00,0.00,0.00,0.00,0.00,0.00,0.00,0.00,169984.00,0.00,0.00,0.00,7137.00,0.00,0.00,0.00,0.00,0.00,0.00,0.00,0.00,0.00,0.00,0.00,0.00,0.00,0.00,0.00,0.00,0.00,0.00,0.00,0.00,0.00,0.00,0.00,0.00,0.00,0.00,0.00,0.00,0.00,0.00,59859.00,193215.00,0.00,0.00,0.00,0.00,0.00,116.00,0.00,0.00,0.00,0.00,0.00,0.00,0.00,0.00,0.00,0.00,0.00,0.00,0.00,0.00,0.00,0.00,243.00,0.00,0.00,450796.00,138848.00,41.00,74272.00,397.00,0.00,28201.00,28201.00,241759.00,692555.00,0.00,679083.00,976083.00,0.00,0.00,0.00,13472.00,692555.00
27,0.00,0.00,0.00,0.00,0.00,0.00,0.00,0.00,0.00,0.00,0.00,0.00,0.00,0.00,0.00,0.00,0.00,0.00,0.00,0.00,0.00,0.00,0.00,0.00,0.00,0.00,9913.00,0.00,203.00,0.00,422.00,375.00,5631.00,0.00,105484.00,124322.00,28.00,0.00,0.00,0.00,0.00,0.00,0.00,0.00,0.00,0.00,0.00,0.00,0.00,0.00,0.00,1100922.00,11652.00,0.00,0.00,0.00,0.00,0.00,0.00,0.00,0.00,0.00,0.00,0.00,0.00,0.00,0.00,0.00,0.00,0.00,0.00,0.00,0.00,0.00,0.00,0.00,0.00,0.00,0.00,0.00,0.00,0.00,0.00,0.00,0.00,0.00,0.00,0.00,0.00,0.00,0.00,0.00,0.00,0.00,0.00,0.00,0.00,0.00,0.00,0.00,1358952.00,0.00,212.00,0.00,200.00,0.00,212841.00,212841.00,213253.00,1572205.00,0.00,928649.00,928649.00,0.00,0.00,0.00,643557.00,1572206.00
28,0.00,0.00,0.00,0.00,0.00,0.00,0.00,0.00,0.00,470.00,226.00,14.00,9.00,222.00,55.00,0.00,24.00,81.00,0.00,0.00,0.00,0.00,0.00,0.00,0.00,0.00,0.00,3303.00,341.00,0.00,402.00,286.00,855.00,0.00,14811.00,17256.00,4.00,4328.00,0.00,0.00,0.00,0.00,0.00,0.00,0.00,0.00,0.00,0.00,0.00,0.00,0.00,2264951.00,11262.00,0.00,0.00,0.00,0.00,0.00,0.00,0.00,0.00,0.00,0.00,0.00,0.00,0.00,0.00,0.00,0.00,0.00,0.00,0.00,0.00,0.00,0.00,0.00,0.00,0.00,0.00,0.00,0.00,0.00,0.00,0.00,0.00,0.00,0.00,0.00,0.00,0.00,0.00,0.00,0.00,0.00,0.00,0.00,0.00,0.00,0.00,0.00,2318900.00,0.00,378.00,0.00,78.00,0.00,701482.00,701482.00,701938.00,3020838.00,0.00,2833718.00,2833718.00,0.00,0.00,0.00,187120.00,3020837.00
29,0.00,0.00,0.00,0.00,0.00,0.00,0.00,0.00,0.00,0.00,0.00,0.00,0.00,0.00,0.00,0.00,0.00,58.00,0.00,0.00,0.00,0.00,0.00,0.00,0.00,0.00,22.00,5.00,98.00,0.00,0.00,0.00,0.00,0.00,0.00,0.00,0.00,0.00,0.00,0.00,0.00,0.00,0.00,0.00,0.00,0.00,0.00,0.00,0.00,3453.00,0.00,0.00,0.00,0.00,0.00,0.00,0.00,0.00,0.00,0.00,0.00,0.00,0.00,0.00,0.00,0.00,0.00,0.00,0.00,0.00,0.00,0.00,170.00,0.00,0.00,0.00,0.00,0.00,0.00,0.00,0.00,0.00,0.00,0.00,0.00,0.00,0.00,0.00,0.00,0.00,0.00,0.00,0.00,0.00,0.00,0.00,0.00,0.00,0.00,0.00,3806.00,0.00,0.00,0.00,31.00,242389.00,88624.00,331013.00,331045.00,334851.00,2874.00,306422.00,309297.00,0.00,0.00,0.00,25554.00,334851.00
30,0.00,0.00,0.00,0.00,0.00,0.00,0.00,0.00,0.00,0.00,0.00,0.00,0.00,0.00,0.00,0.00,0.00,0.00,0.00,0.00,0.00,0.00,0.00,0.00,0.00,0.00,0.00,0.00,419.00,454.00,0.00,0.00,0.00,0.00,0.00,0.00,0.00,0.00,0.00,0.00,0.00,0.00,0.00,0.00,0.00,0.00,0.00,0.00,0.00,3472.00,0.00,94399.00,13536.00,2685.00,0.00,7560.00,30715.00,0.00,211.00,156.00,0.00,0.00,0.00,0.00,0.00,0.00,0.00,5388.00,0.00,0.00,0.00,0.00,72.00,0.00,0.00,0.00,0.00,0.00,0.00,0.00,0.00,0.00,0.00,0.00,0.00,0.00,0.00,0.00,0.00,0.00,0.00,0.00,0.00,0.00,0.00,0.00,0.00,0.00,0.00,0.00,159067.00,0.00,430.00,0.00,8.00,5700.00,25891.00,31592.00,32030.00,191097.00,105352.00,75766.00,181118.00,0.00,0.00,0.00,9979.00,191097.00
31,0.00,0.00,0.00,0.00,0.00,0.00,0.00,0.00,0.00,0.00,0.00,0.00,0.00,0.00,0.00,0.00,0.00,0.00,0.00,0.00,0.00,0.00,0.00,0.00,0.00,0.00,0.00,0.00,0.00,0.00,27.00,2.00,31.00,134149.00,0.00,0.00,0.00,0.00,7739.00,0.00,0.00,652.00,0.00,0.00,24350.00,595.00,0.00,0.00,0.00,0.00,0.00,0.00,0.00,0.00,0.00,0.00,0.00,0.00,0.00,0.00,0.00,0.00,0.00,0.00,0.00,0.00,0.00,5009.00,0.00,0.00,0.00,0.00,0.00,17030.00,230926.00,0.00,0.00,0.00,0.00,189.00,533.00,0.00,0.00,0.00,0.00,0.00,0.00,0.00,0.00,0.00,0.00,0.00,0.00,0.00,0.00,0.00,0.00,398.00,0.00,0.00,421630.00,690913.00,0.00,0.00,405.00,0.00,412933.00,412933.00,1104252.00,1525882.00,0.00,332778.00,332778.00,0.00,0.00,0.00,1193103.00,1525881.00
32,0.00,0.00,0.00,0.00,0.00,0.00,0.00,0.00,0.00,0.00,0.00,0.00,0.00,0.00,0.00,0.00,0.00,0.00,0.00,0.00,0.00,0.00,0.00,0.00,0.00,0.00,0.00,0.00,0.00,0.00,32.00,10623.00,11926.00,0.00,0.00,0.00,0.00,0.00,0.00,0.00,0.00,0.00,0.00,0.00,150635.00,0.00,0.00,0.00,0.00,0.00,0.00,0.00,0.00,0.00,0.00,0.00,0.00,0.00,0.00,0.00,0.00,0.00,0.00,0.00,0.00,0.00,0.00,0.00,0.00,0.00,0.00,0.00,0.00,36127.00,300174.00,0.00,0.00,0.00,0.00,176.00,495.00,0.00,0.00,0.00,0.00,0.00,0.00,0.00,0.00,0.00,0.00,0.00,0.00,0.00,0.00,0.00,0.00,1696.00,0.00,0.00,511883.00,1272946.00,0.00,0.00,1104.00,0.00,0.00,0.00,1274050.00,1785933.00,0.00,1582905.00,1582905.00,0.00,0.00,0.00,203028.00,1785932.00
33,0.00,0.00,0.00,0.00,0.00,0.00,0.00,0.00,0.00,0.00,0.00,0.00,0.00,0.00,0.00,0.00,0.00,0.00,0.00,0.00,0.00,0.00,0.00,0.00,0.00,0.00,0.00,0.00,0.00,0.00,0.00,398.00,2890.00,751547.00,0.00,0.00,0.00,0.00,79706.00,1566.00,0.00,0.00,0.00,0.00,20913.00,1020.00,0.00,0.00,0.00,0.00,0.00,0.00,0.00,0.00,0.00,0.00,0.00,0.00,0.00,0.00,0.00,0.00,0.00,0.00,0.00,0.00,0.00,0.00,0.00,0.00,0.00,0.00,0.00,15102.00,145839.00,0.00,0.00,0.00,0.00,87.00,120.00,0.00,0.00,0.00,0.00,0.00,0.00,0.00,0.00,0.00,0.00,0.00,0.00,0.00,0.00,0.00,0.00,412.00,0.00,0.00,1019599.00,911678.00,0.00,0.00,163.00,0.00,0.00,0.00,911841.00,1931440.00,0.00,493396.00,493396.00,0.00,0.00,0.00,1438044.00,1931440.00
34,0.00,0.00,0.00,0.00,0.00,0.00,0.00,2787.00,1385.00,0.00,0.00,0.00,0.00,0.00,0.00,0.00,0.00,0.00,0.00,0.00,0.00,0.00,0.00,0.00,0.00,0.00,0.00,0.00,0.00,0.00,0.00,0.00,0.00,1142.00,0.00,0.00,0.00,0.00,0.00,0.00,0.00,0.00,0.00,0.00,168453.00,61167.00,0.00,0.00,0.00,0.00,0.00,0.00,0.00,0.00,0.00,0.00,0.00,0.00,0.00,0.00,0.00,0.00,0.00,0.00,0.00,0.00,0.00,963.00,0.00,0.00,0.00,0.00,0.00,14602.00,246976.00,0.00,0.00,0.00,0.00,69.00,15.00,0.00,0.00,0.00,0.00,0.00,0.00,0.00,0.00,0.00,0.00,0.00,0.00,0.00,0.00,0.00,0.00,111.00,0.00,0.00,497670.00,1172568.00,0.00,0.00,2139.00,0.00,41222.00,41222.00,1215929.00,1713599.00,0.00,345188.00,345188.00,0.00,0.00,0.00,1368411.00,1713598.00
35,0.00,0.00,0.00,0.00,0.00,0.00,0.00,0.00,0.00,0.00,0.00,0.00,0.00,0.00,0.00,0.00,0.00,0.00,0.00,0.00,0.00,0.00,0.00,0.00,0.00,0.00,0.00,0.00,0.00,0.00,0.00,0.00,0.00,0.00,1780.00,2097.00,0.00,0.00,0.00,0.00,0.00,0.00,0.00,0.00,0.00,0.00,0.00,0.00,0.00,0.00,0.00,0.00,0.00,0.00,0.00,0.00,0.00,22633.00,0.00,0.00,0.00,0.00,0.00,0.00,0.00,0.00,0.00,0.00,0.00,0.00,0.00,0.00,0.00,0.00,0.00,0.00,0.00,0.00,0.00,0.00,0.00,0.00,0.00,0.00,0.00,0.00,0.00,0.00,0.00,0.00,0.00,0.00,0.00,0.00,0.00,0.00,0.00,0.00,0.00,0.00,26510.00,0.00,0.00,0.00,54.00,329548.00,1215759.00,1545307.00,1545361.00,1571870.00,43921.00,441870.00,485791.00,0.00,0.00,0.00,1086079.00,1571870.00
36,0.00,0.00,0.00,0.00,0.00,0.00,0.00,0.00,0.00,0.00,0.00,0.00,0.00,0.00,0.00,0.00,0.00,0.00,0.00,0.00,0.00,0.00,0.00,0.00,0.00,0.00,0.00,0.00,0.00,0.00,0.00,0.00,0.00,0.00,4921.00,5800.00,0.00,0.00,0.00,0.00,0.00,0.00,0.00,0.00,0.00,0.00,0.00,0.00,0.00,0.00,0.00,0.00,0.00,0.00,0.00,0.00,0.00,21088.00,0.00,0.00,0.00,0.00,0.00,0.00,0.00,0.00,0.00,0.00,0.00,0.00,0.00,0.00,0.00,0.00,0.00,0.00,0.00,0.00,0.00,0.00,0.00,0.00,0.00,0.00,0.00,0.00,0.00,0.00,0.00,0.00,0.00,0.00,0.00,0.00,0.00,0.00,0.00,0.00,0.00,0.00,31810.00,0.00,0.00,0.00,445.00,0.00,1770977.00,1770977.00,1771422.00,1803232.00,4807.00,475387.00,480193.00,0.00,0.00,0.00,1323039.00,1803232.00
37,0.00,0.00,0.00,0.00,0.00,0.00,0.00,0.00,0.00,0.00,0.00,0.00,0.00,0.00,0.00,0.00,0.00,0.00,0.00,0.00,0.00,0.00,0.00,0.00,0.00,0.00,0.00,0.00,0.00,0.00,0.00,0.00,0.00,0.00,66358.00,78209.00,632.00,0.00,0.00,0.00,0.00,0.00,0.00,0.00,0.00,0.00,0.00,0.00,0.00,0.00,0.00,0.00,0.00,0.00,0.00,0.00,4382.00,0.00,0.00,0.00,0.00,214823.00,0.00,0.00,0.00,0.00,0.00,0.00,0.00,0.00,0.00,0.00,0.00,0.00,0.00,0.00,0.00,0.00,0.00,0.00,0.00,0.00,0.00,0.00,0.00,0.00,0.00,0.00,0.00,0.00,0.00,0.00,0.00,0.00,0.00,0.00,0.00,0.00,0.00,0.00,364403.00,0.00,0.00,0.00,43969.00,252888.00,276525.00,529412.00,573382.00,937785.00,512277.00,389099.00,901376.00,0.00,0.00,0.00,36409.00,937785.00
38,0.00,0.00,0.00,0.00,0.00,0.00,0.00,0.00,0.00,0.00,0.00,0.00,0.00,0.00,0.00,0.00,0.00,0.00,0.00,0.00,0.00,0.00,0.00,0.00,0.00,0.00,0.00,0.00,0.00,0.00,0.00,0.00,0.00,17740.00,41990.00,49489.00,400.00,0.00,0.00,0.00,0.00,0.00,0.00,0.00,0.00,0.00,0.00,0.00,0.00,0.00,0.00,0.00,0.00,0.00,786.00,0.00,16198.00,2331.00,4.00,100036.00,1359144.00,13112.00,490.00,0.00,0.00,0.00,0.00,1891.00,23491.00,0.00,0.00,735286.00,0.00,0.00,0.00,0.00,0.00,0.00,0.00,0.00,0.00,0.00,0.00,0.00,0.00,0.00,0.00,0.00,0.00,0.00,0.00,0.00,0.00,0.00,0.00,0.00,0.00,0.00,0.00,0.00,2362397.00,0.00,0.00,0.00,82555.00,34613.00,699103.00,733717.00,816271.00,3178669.00,80438.00,6679.00,87118.00,0.00,0.00,0.00,3091552.00,3178669.00
39,0.00,0.00,0.00,0.00,0.00,0.00,0.00,0.00,0.00,0.00,0.00,0.00,0.00,0.00,0.00,0.00,0.00,0.00,0.00,0.00,0.00,0.00,0.00,0.00,0.00,0.00,0.00,0.00,0.00,0.00,0.00,0.00,0.00,20787.00,12821.00,15110.00,0.00,0.00,226673.00,382.00,789.00,517.00,110915.00,0.00,14599.00,954.00,262.00,0.00,0.00,0.00,0.00,0.00,0.00,0.00,0.00,71.00,0.00,0.00,0.00,0.00,0.00,0.00,0.00,0.00,0.00,0.00,0.00,0.00,0.00,0.00,0.00,0.00,0.00,10987.00,123897.00,48.00,0.00,0.00,0.00,615.00,1744.00,344.00,0.00,0.00,0.00,0.00,0.00,0.00,0.00,0.00,0.00,0.00,0.00,0.00,0.00,0.00,351.00,692.00,0.00,0.00,542561.00,262046.00,0.00,0.00,43108.00,4507433.00,106482.00,4613915.00,4919069.00,5461629.00,751657.00,1602677.00,2354334.00,0.00,0.00,0.00,3107295.00,5461629.00
40,0.00,0.00,0.00,0.00,0.00,0.00,0.00,0.00,0.00,0.00,0.00,0.00,0.00,0.00,0.00,0.00,0.00,0.00,0.00,0.00,0.00,0.00,0.00,0.00,0.00,0.00,0.00,0.00,0.00,0.00,27.00,11.00,0.00,10108.00,0.00,0.00,0.00,0.00,13889.00,116285.00,0.00,0.00,95854.00,0.00,14124.00,27090.00,0.00,0.00,0.00,0.00,976.00,0.00,0.00,0.00,0.00,0.00,2458.00,0.00,219.00,0.00,0.00,0.00,0.00,0.00,0.00,0.00,0.00,0.00,0.00,0.00,0.00,0.00,0.00,9740.00,28594.00,0.00,0.00,0.00,0.00,121.00,526.00,0.00,0.00,0.00,0.00,0.00,0.00,0.00,0.00,0.00,0.00,0.00,0.00,0.00,0.00,0.00,503.00,4540.00,0.00,0.00,325065.00,3688140.00,0.00,0.00,96383.00,419251.00,126167.00,545418.00,4329941.00,4655006.00,62595.00,2533430.00,2596025.00,0.00,0.00,0.00,2058981.00,4655006.00
41,0.00,0.00,0.00,0.00,0.00,0.00,0.00,0.00,0.00,0.00,0.00,0.00,0.00,0.00,0.00,0.00,0.00,0.00,464.00,0.00,276.00,27976.00,26602.00,127.00,18791.00,310.00,0.00,0.00,0.00,0.00,94.00,694.00,5028.00,0.00,0.00,0.00,0.00,0.00,23.00,0.00,25.00,70315.00,45069.00,0.00,11747.00,7450.00,12.00,0.00,0.00,0.00,0.00,0.00,0.00,0.00,0.00,0.00,0.00,0.00,0.00,0.00,0.00,0.00,0.00,0.00,0.00,0.00,0.00,0.00,0.00,0.00,0.00,0.00,0.00,5334.00,35138.00,0.00,0.00,0.00,0.00,642.00,1804.00,0.00,0.00,0.00,0.00,0.00,0.00,0.00,0.00,0.00,0.00,0.00,0.00,0.00,0.00,0.00,1210.00,19371.00,0.00,0.00,278504.00,8685487.00,0.00,0.00,190.00,28920.00,137095.00,166016.00,8851692.00,9130196.00,1961961.00,3626403.00,5588364.00,0.00,0.00,0.00,3541832.00,9130197.00
42,0.00,0.00,0.00,0.00,0.00,0.00,0.00,0.00,0.00,0.00,0.00,0.00,0.00,0.00,0.00,0.00,0.00,0.00,0.00,0.00,0.00,0.00,0.00,0.00,0.00,0.00,0.00,0.00,0.00,0.00,14.00,95.00,367.00,2696.00,0.00,0.00,0.00,0.00,3803.00,0.00,0.00,354.00,910850.00,0.00,746849.00,5309.00,0.00,0.00,0.00,0.00,0.00,0.00,0.00,3475.00,450.00,5262.00,11003.00,0.00,0.00,1612.00,0.00,0.00,0.00,0.00,0.00,0.00,0.00,0.00,0.00,0.00,0.00,0.00,0.00,3429.00,13234.00,0.00,0.00,0.00,0.00,645.00,1266.00,0.00,0.00,0.00,0.00,0.00,0.00,0.00,0.00,0.00,0.00,0.00,0.00,0.00,0.00,0.00,60.00,1515.00,0.00,0.00,1712288.00,976526.00,0.00,0.00,4684.00,50063.00,773239.00,823302.00,1804512.00,3516800.00,198162.00,3209582.00,3407745.00,0.00,0.00,0.00,109055.00,3516800.00
43,0.00,0.00,0.00,0.00,0.00,0.00,0.00,0.00,0.00,0.00,0.00,0.00,0.00,0.00,0.00,0.00,0.00,0.00,0.00,0.00,0.00,0.00,0.00,0.00,0.00,0.00,0.00,0.00,0.00,0.00,0.00,0.00,0.00,319.00,0.00,0.00,0.00,0.00,0.00,0.00,0.00,0.00,283349.00,0.00,193.00,317.00,0.00,0.00,0.00,0.00,0.00,0.00,0.00,0.00,0.00,1287.00,0.00,0.00,0.00,0.00,0.00,0.00,0.00,0.00,0.00,0.00,0.00,0.00,0.00,0.00,1760.00,0.00,75053.00,10677.00,19857.00,411.00,499.00,0.00,0.00,330.00,932.00,519.00,0.00,0.00,0.00,0.00,0.00,0.00,0.00,0.00,0.00,0.00,0.00,0.00,0.00,0.00,40.00,572.00,0.00,0.00,396112.00,1661020.00,63233.00,0.00,25629.00,0.00,1275966.00,1275966.00,3025847.00,3421959.00,0.00,0.00,0.00,0.00,0.00,0.00,3421959.00,3421959.00
44,0.00,0.00,0.00,0.00,0.00,0.00,0.00,0.00,0.00,0.00,0.00,0.00,13.00,182.00,0.00,0.00,10.00,44.00,0.00,0.00,0.00,0.00,0.00,0.00,0.00,0.00,0.00,0.00,0.00,0.00,0.00,0.00,0.00,0.00,0.00,0.00,0.00,0.00,0.00,0.00,0.00,0.00,129090.00,0.00,4353.00,0.00,71120.00,1978.00,0.00,0.00,0.00,0.00,0.00,0.00,0.00,113.00,0.00,0.00,0.00,0.00,0.00,0.00,0.00,0.00,0.00,0.00,0.00,0.00,0.00,0.00,0.00,0.00,0.00,4499.00,39039.00,297.00,0.00,0.00,0.00,409.00,956.00,639.00,69.00,0.00,0.00,0.00,0.00,42.00,0.00,0.00,0.00,0.00,0.00,0.00,38.00,0.00,144.00,1365.00,14.00,0.00,254414.00,1047167.00,8372.00,0.00,8032.00,38058.00,1352873.00,1390931.00,2454457.00,2708871.00,514529.00,286239.00,800768.00,0.00,0.00,0.00,1908103.00,2708871.00
45,0.00,0.00,0.00,0.00,0.00,0.00,0.00,0.00,0.00,0.00,0.00,0.00,15.00,307.00,0.00,0.00,14.00,63.00,0.00,1084.00,0.00,0.00,0.00,0.00,0.00,0.00,0.00,0.00,0.00,0.00,3807.00,13.00,94.00,1995.00,24669.00,29075.00,236.00,0.00,113592.00,263.00,0.00,65.00,124419.00,4122.00,47542.00,2994.00,1122.00,2093.00,0.00,648.00,193.00,889.00,0.00,8696.00,0.00,130.00,10617.00,0.00,0.00,0.00,0.00,121.00,0.00,0.00,0.00,0.00,0.00,3863.00,18897.00,0.00,0.00,0.00,64328.00,3551.00,26799.00,151.00,1375.00,0.00,0.00,165.00,1476.00,5052.00,147.00,0.00,0.00,0.00,557.00,0.00,0.00,0.00,0.00,0.00,0.00,0.00,87.00,97.00,55.00,1000.00,0.00,0.00,506483.00,4052663.00,0.00,0.00,8229.00,297086.00,0.00,297086.00,4357978.00,4864461.00,77596.00,2469069.00,2546665.00,0.00,0.00,0.00,2317796.00,4864461.00
46,0.00,0.00,0.00,0.00,0.00,0.00,0.00,0.00,0.00,0.00,0.00,0.00,0.00,0.00,0.00,0.00,0.00,0.00,12171.00,0.00,9233.00,136677.00,7033.00,472.00,26243.00,442.00,0.00,0.00,0.00,0.00,0.00,869.00,63696.00,0.00,0.00,0.00,0.00,0.00,0.00,0.00,0.00,0.00,0.00,0.00,0.00,3674.00,0.00,0.00,0.00,0.00,0.00,0.00,0.00,0.00,0.00,0.00,0.00,0.00,0.00,0.00,0.00,0.00,0.00,0.00,0.00,0.00,0.00,0.00,0.00,0.00,0.00,0.00,0.00,0.00,0.00,0.00,0.00,0.00,0.00,0.00,0.00,0.00,0.00,0.00,0.00,0.00,0.00,0.00,0.00,0.00,0.00,0.00,0.00,0.00,0.00,0.00,0.00,28.00,0.00,0.00,260539.00,0.00,0.00,0.00,75429.00,130297.00,1938512.00,2068809.00,2144239.00,2040777.00,1209805.00,16465.00,1226270.00,0.00,0.00,0.00,1178508.00,2404778.00
47,0.00,0.00,0.00,0.00,0.00,0.00,0.00,0.00,0.00,0.00,0.00,0.00,11.00,138.00,0.00,0.00,19.00,31.00,0.00,0.00,0.00,0.00,0.00,0.00,0.00,0.00,0.00,0.00,0.00,0.00,1320.00,7.00,116.00,555.00,14578.00,17182.00,36.00,0.00,2717.00,251.00,0.00,0.00,10708.00,0.00,1947.00,0.00,3557.00,0.00,21.00,550.00,645.00,0.00,0.00,0.00,0.00,146.00,0.00,0.00,0.00,0.00,0.00,0.00,0.00,0.00,0.00,0.00,0.00,52.00,5321.00,264.00,1509.00,0.00,66539.00,2644.00,13515.00,312.00,458.00,282.00,575.00,388.00,1746.00,1271.00,1174.00,127.00,241.00,286.00,1147.00,1449.00,271.00,222.00,0.00,921.00,2998.00,0.00,77.00,760.00,203.00,664.00,1964.00,0.00,161915.00,1371030.00,2132.00,0.00,10383.00,47503.00,166608.00,214111.00,1597657.00,1759571.00,733494.00,809746.00,1543240.00,0.00,0.00,0.00,216332.00,1759572.00
48,0.00,0.00,0.00,0.00,0.00,0.00,0.00,0.00,0.00,0.00,0.00,0.00,0.00,0.00,0.00,0.00,0.00,0.00,0.00,0.00,0.00,0.00,0.00,0.00,0.00,0.00,0.00,0.00,0.00,0.00,27.00,8.00,82.00,0.00,14177.00,16708.00,134.00,0.00,0.00,0.00,0.00,0.00,0.00,0.00,0.00,0.00,0.00,1212484.00,0.00,0.00,0.00,0.00,0.00,0.00,0.00,0.00,0.00,0.00,0.00,0.00,0.00,0.00,0.00,0.00,0.00,0.00,0.00,0.00,0.00,0.00,0.00,0.00,0.00,1930.00,16744.00,0.00,0.00,0.00,0.00,42.00,512.00,107.00,0.00,0.00,0.00,0.00,524.00,0.00,0.00,0.00,0.00,0.00,0.00,0.00,0.00,0.00,0.00,0.00,13.00,0.00,1263492.00,4836910.00,0.00,0.00,30872.00,3567965.00,19657251.00,23225215.00,28092997.00,29356490.00,389862.00,59870.00,449732.00,0.00,0.00,0.00,28906757.00,29356489.00
49,0.00,0.00,0.00,0.00,0.00,0.00,0.00,0.00,0.00,0.00,0.00,0.00,0.00,0.00,0.00,0.00,0.00,0.00,0.00,0.00,0.00,0.00,0.00,0.00,0.00,0.00,0.00,0.00,0.00,0.00,0.00,0.00,0.00,0.00,0.00,0.00,0.00,0.00,0.00,0.00,0.00,0.00,0.00,0.00,0.00,0.00,0.00,4914960.00,0.00,0.00,0.00,0.00,0.00,0.00,0.00,0.00,0.00,0.00,0.00,0.00,0.00,0.00,0.00,0.00,0.00,0.00,0.00,0.00,0.00,0.00,0.00,0.00,0.00,0.00,0.00,0.00,0.00,0.00,0.00,0.00,0.00,0.00,0.00,0.00,0.00,0.00,0.00,0.00,0.00,0.00,0.00,0.00,0.00,0.00,0.00,0.00,0.00,0.00,37.00,0.00,4914997.00,11998.00,0.00,0.00,15904.00,99897.00,1366141.00,1466038.00,1493939.00,6408936.00,480806.00,5098027.00,5578833.00,0.00,0.00,0.00,830104.00,6408937.00
50,0.00,0.00,0.00,0.00,0.00,0.00,0.00,0.00,0.00,69.00,11400.00,80.00,34.00,1271.00,51.00,0.00,95.00,311.00,0.00,0.00,0.00,0.00,0.00,0.00,0.00,0.00,0.00,0.00,0.00,0.00,1893.00,310.00,2249.00,0.00,0.00,0.00,0.00,0.00,2225.00,6081.00,219.00,0.00,1475.00,207.00,677.00,219.00,511.00,17919.00,11.00,452643.00,139417.00,45075.00,11606.00,816.00,3210.00,470.00,2904.00,525.00,26242.00,27121.00,712.00,687.00,2344.00,314.00,854.00,4311.00,823.00,9643.00,5928.00,3230.00,895.00,685.00,164618.00,21999.00,17940.00,178.00,2435.00,604.00,99.00,375.00,1058.00,3114.00,33222.00,827.00,1494.00,648.00,1502.00,1020.00,1060.00,627.00,29.00,216.00,15960.00,0.00,80.00,331.00,1487.00,17956.00,1609.00,0.00,1078248.00,3142890.00,28980.00,1134050.00,3964.00,3073242.00,613407.00,3686649.00,7996533.00,9074782.00,1723728.00,490208.00,2213936.00,0.00,0.00,0.00,6860845.00,9074781.00
51,0.00,0.00,0.00,0.00,0.00,0.00,0.00,0.00,0.00,0.00,0.00,0.00,0.00,0.00,0.00,0.00,0.00,0.00,0.00,205709.00,0.00,0.00,0.00,0.00,0.00,0.00,0.00,0.00,0.00,0.00,0.00,0.00,0.00,0.00,181.00,213.00,4.00,0.00,0.00,693.00,0.00,0.00,0.00,0.00,430.00,0.00,0.00,0.00,0.00,779713.00,232529.00,3288.00,0.00,0.00,0.00,0.00,1200.00,7104.00,563.00,472.00,649.00,761.00,689.00,36795.00,8932.00,6941.00,1086.00,12290.00,12386.00,0.00,0.00,0.00,112757.00,13711.00,14372.00,8622.00,7612.00,206.00,229.00,153.00,1984.00,1241.00,727.00,18.00,52.00,0.00,771.00,0.00,0.00,0.00,0.00,0.00,0.00,0.00,0.00,0.00,86.00,0.00,2346.00,0.00,1477517.00,1282156.00,3671.00,649533.00,75172.00,5028297.00,1716788.00,6745085.00,8755617.00,10233134.00,557826.00,759628.00,1317454.00,0.00,0.00,0.00,8915680.00,10233134.00
52,129.00,7221.00,4243.00,2633.00,288.00,143.00,669.00,129.00,64.00,2452.00,81.00,29.00,608.00,40.00,308.00,0.00,1691.00,2892.00,0.00,0.00,0.00,9276.00,5111.00,0.00,0.00,0.00,0.00,0.00,0.00,0.00,380.00,138.00,1000.00,0.00,0.00,0.00,0.00,31964.00,160.00,371.00,0.00,0.00,733.00,0.00,0.00,557.00,0.00,0.00,214.00,607.00,0.00,355210.00,51837.00,321.00,630.00,556.00,588.00,457.00,195.00,668.00,519.00,6700.00,5063.00,4402.00,7535.00,10720.00,18029.00,87187.00,22019.00,304.00,1247.00,637744.00,93060.00,1241.00,7317.00,274.00,214.00,295.00,37.00,106.00,97.00,292.00,807.00,233.00,273.00,595.00,1384.00,164.00,290.00,182.00,0.00,121.00,417.00,0.00,57.00,238.00,119.00,3827.00,0.00,0.00,1397701.00,524077.00,16696.00,1420165.00,779.00,3483954.00,2679132.00,6163086.00,8124802.00,9522503.00,240736.00,900382.00,1141118.00,0.00,0.00,0.00,8381385.00,9522503.00
53,0.00,0.00,0.00,0.00,0.00,0.00,0.00,0.00,0.00,276.00,349.00,6.00,29.00,132.00,105.00,0.00,47.00,126.00,0.00,0.00,0.00,0.00,0.00,0.00,0.00,0.00,0.00,0.00,0.00,0.00,245.00,13.00,93.00,0.00,0.00,0.00,0.00,19.00,99.00,152.00,203.00,0.00,1572.00,918.00,3467.00,739.00,594.00,465854.00,8.00,12870.00,11107.00,13416.00,613371.00,873156.00,4113.00,3094.00,2615.00,1071.00,1455.00,8339.00,68878.00,2239.00,829.00,3072.00,2433.00,2972.00,2900.00,13265.00,7184.00,4384.00,6224.00,89566.00,804466.00,696.00,82633.00,1269.00,1743.00,735.00,2900.00,354.00,5027.00,2814.00,679.00,481.00,140.00,661.00,12125.00,413.00,440.00,56.00,21.00,521.00,62434.00,0.00,78.00,266.00,248.00,7497.00,492.00,0.00,3212789.00,608774.00,287471.00,0.00,31004.00,3004336.00,286415.00,3290751.00,4217999.00,7430787.00,641141.00,156392.00,797533.00,0.00,0.00,0.00,6633254.00,7430787.00
54,0.00,0.00,0.00,0.00,0.00,685.00,0.00,0.00,0.00,477.00,827.00,26.00,17.00,1018.00,239.00,0.00,83.00,174.00,0.00,0.00,0.00,6990.00,0.00,0.00,0.00,0.00,0.00,0.00,0.00,0.00,547.00,13.00,81.00,1667.00,5765.00,6794.00,24.00,11.00,187.00,1163.00,204.00,0.00,10840.00,264.00,5272.00,4549.00,1385.00,422476.00,98.00,55343.00,31131.00,45611.00,397574.00,502564.00,23253.00,1581.00,27696.00,0.00,27578.00,1432.00,30334.00,0.00,1667.00,39671.00,345.00,927.00,833.00,21340.00,10495.00,7624.00,3877.00,0.00,1998499.00,1005.00,57001.00,960.00,4730.00,2162.00,143.00,72.00,194.00,1581.00,9905.00,681.00,480.00,820.00,44364.00,1409.00,9826.00,0.00,33.00,132.00,71512.00,0.00,429.00,4468.00,742.00,19446.00,302878.00,0.00,4236225.00,78436.00,49965.00,0.00,0.00,0.00,112555.00,112555.00,240957.00,4477182.00,448428.00,798206.00,1246635.00,0.00,0.00,0.00,3230457.00,4477182.00
55,562376.00,205131.00,26921.00,31115.00,76486.00,55934.00,22396.00,32871.00,888.00,258763.00,82436.00,10634.00,2002.00,78762.00,44486.00,0.00,4673.00,13677.00,357.00,0.00,41.00,10884.00,1758.00,5.00,1563.00,53.00,614.00,134.00,0.00,1.00,110.00,91.00,658.00,0.00,0.00,0.00,0.00,0.00,0.00,0.00,0.00,11.00,0.00,0.00,0.00,0.00,0.00,0.00,18.00,0.00,0.00,0.00,5007.00,39009.00,56208.00,0.00,24344.00,0.00,0.00,0.00,89929.00,0.00,0.00,0.00,0.00,0.00,0.00,0.00,0.00,0.00,0.00,0.00,0.00,0.00,0.00,0.00,0.00,0.00,0.00,0.00,0.00,0.00,0.00,0.00,0.00,0.00,0.00,0.00,0.00,0.00,0.00,0.00,0.00,0.00,0.00,0.00,0.00,0.00,0.00,0.00,1740348.00,0.00,0.00,0.00,40517.00,178442.00,1906256.00,2084699.00,2125216.00,3865564.00,404333.00,768907.00,1173241.00,0.00,0.00,0.00,2692323.00,3865564.00
56,0.00,0.00,0.00,0.00,0.00,0.00,0.00,0.00,0.00,0.00,23.00,0.00,777.00,0.00,0.00,0.00,2161.00,752.00,0.00,0.00,119.00,0.00,0.00,0.00,0.00,0.00,0.00,0.00,0.00,0.00,0.00,375.00,2713.00,0.00,23761.00,28005.00,227.00,0.00,0.00,0.00,515.00,0.00,215.00,0.00,1315.00,5721.00,1037.00,1333.00,0.00,0.00,123.00,241.00,70.00,320.00,4412.00,10416.00,12244.00,0.00,589.00,0.00,0.00,0.00,0.00,0.00,0.00,0.00,0.00,637.00,0.00,0.00,0.00,0.00,0.00,219.00,1601.00,0.00,0.00,0.00,0.00,533.00,4222.00,1098.00,2450.00,227.00,501.00,487.00,2950.00,0.00,452.00,4.00,3.00,821.00,1311.00,0.00,33.00,421.00,16618.00,302.00,0.00,0.00,132351.00,1054745.00,31244.00,0.00,102829.00,110739.00,1043255.00,1153994.00,2342813.00,2475164.00,100387.00,1656960.00,1757346.00,0.00,0.00,0.00,717818.00,2475164.00
57,16830.00,5784.00,850.00,1055.00,146.00,1798.00,598.00,48.00,24.00,300.00,507.00,18.00,47.00,13.00,42.00,0.00,130.00,432.00,33.00,0.00,33.00,427.00,181.00,3.00,146.00,0.00,15.00,3.00,0.00,0.00,9.00,5.00,45.00,870.00,92453.00,108965.00,881.00,0.00,15111.00,3335.00,247.00,581.00,14507.00,8004.00,100294.00,1043.00,4474.00,14238.00,288.00,589530.00,880199.00,159945.00,685984.00,216845.00,575626.00,7331.00,225816.00,2350.00,605875.00,315494.00,237107.00,73460.00,16201.00,145605.00,231.00,10577.00,136.00,21426.00,113146.00,4752.00,15448.00,0.00,22913.00,11623.00,7686.00,74.00,0.00,355.00,38.00,148.00,56687.00,14084.00,1090.00,0.00,111.00,0.00,12826.00,75.00,939.00,171.00,2.00,3118.00,175473.00,0.00,18.00,3.00,3286.00,6784.00,15493.00,0.00,5630896.00,1675803.00,32724.00,0.00,39781.00,1072897.00,124970.00,1197867.00,2946174.00,8577070.00,4450210.00,2131043.00,6581253.00,0.00,0.00,0.00,1995818.00,8577071.00
58,9734.00,14648.00,6993.00,4452.00,669.00,339.00,678.00,0.00,0.00,19628.00,481.00,184.00,806.00,804.00,323.00,0.00,2242.00,0.00,0.00,0.00,0.00,0.00,0.00,0.00,0.00,0.00,0.00,0.00,0.00,0.00,36922.00,234.00,7954.00,2811.00,175.00,26978.00,12.00,13592.00,373.00,162.00,943.00,537.00,70005.00,10561.00,94188.00,6342.00,2888.00,100883.00,22.00,59254.00,135809.00,1312.00,319785.00,4893.00,213544.00,778.00,40114.00,2478.00,26867.00,4374.00,3594.00,31.00,436.00,2804.00,495.00,2519.00,282.00,339.00,537071.00,15063.00,4417.00,33202.00,464205.00,20284.00,57819.00,32750.00,754387.00,452155.00,218801.00,46195.00,142542.00,195174.00,188524.00,9934.00,1057.00,2312.00,15593.00,824.00,3987.00,247.00,13.00,1466.00,19687.00,0.00,145.00,698.00,411.00,11899.00,532018.00,0.00,5020153.00,492128.00,20551.00,0.00,3718.00,623.00,967603.00,968226.00,1484623.00,6504776.00,5191440.00,1171955.00,6363395.00,0.00,0.00,0.00,141381.00,6504776.00
59,1594.00,3118.00,0.00,1106.00,129.00,34.00,9.00,47.00,23.00,591.00,1836.00,6.00,15.00,699.00,156.00,0.00,41.00,138.00,0.00,0.00,0.00,0.00,0.00,0.00,0.00,0.00,223.00,62.00,0.00,0.00,2096.00,173.00,1252.00,312.00,2487.00,2931.00,15.00,22871.00,243.00,2052.00,94.00,139.00,1060.00,4897.00,11270.00,1317.00,379.00,5831.00,94.00,30976.00,143809.00,84134.00,891.00,12109.00,406834.00,439.00,17039.00,136.00,66386.00,4914.00,4130.00,0.00,3646.00,99544.00,19077.00,71168.00,30676.00,23784.00,11934.00,0.00,1122.00,197560.00,463651.00,4120.00,45860.00,222.00,0.00,221.00,29.00,9.00,23.00,191.00,2053.00,56.00,202.00,275.00,91.00,120.00,16.00,0.00,1.00,167.00,7966.00,0.00,0.00,980.00,1167.00,2040.00,187761.00,0.00,2016873.00,1334281.00,1364.00,0.00,342.00,1469198.00,205877.00,1675075.00,3011062.00,5027934.00,1905982.00,1377147.00,3283128.00,0.00,0.00,0.00,1744806.00,5027934.00
60,0.00,0.00,0.00,0.00,0.00,0.00,0.00,0.00,0.00,0.00,438.00,6.00,20.00,56.00,169.00,0.00,57.00,186.00,0.00,0.00,0.00,0.00,0.00,0.00,0.00,0.00,0.00,0.00,0.00,0.00,0.00,248.00,1792.00,0.00,0.00,0.00,0.00,35399.00,8.00,0.00,0.00,0.00,638.00,1306.00,74.00,191.00,383.00,0.00,0.00,951.00,0.00,0.00,153.00,134.00,3919.00,399.00,4147.00,776.00,551.00,0.00,205060.00,99.00,6235.00,127876.00,3648.00,118144.00,0.00,2748.00,0.00,0.00,0.00,8453.00,0.00,0.00,0.00,0.00,0.00,0.00,0.00,0.00,0.00,0.00,983.00,0.00,0.00,0.00,0.00,0.00,0.00,0.00,0.00,0.00,0.00,0.00,0.00,0.00,0.00,0.00,0.00,0.00,525247.00,0.00,18433.00,0.00,60516.00,1001251.00,340439.00,1341690.00,1420639.00,1945887.00,443320.00,137177.00,580497.00,0.00,0.00,0.00,1365390.00,1945886.00
61,0.00,0.00,0.00,0.00,0.00,0.00,0.00,0.00,0.00,0.00,0.00,0.00,0.00,0.00,0.00,0.00,0.00,0.00,0.00,0.00,0.00,0.00,0.00,0.00,0.00,0.00,0.00,0.00,0.00,0.00,0.00,12.00,0.00,0.00,0.00,0.00,0.00,0.00,0.00,0.00,0.00,0.00,0.00,137.00,0.00,0.00,0.00,0.00,0.00,0.00,0.00,0.00,0.00,0.00,268.00,0.00,3428.00,0.00,0.00,95988.00,656495.00,68.00,88.00,0.00,0.00,0.00,1900.00,43.00,0.00,0.00,0.00,1483530.00,0.00,0.00,0.00,0.00,0.00,0.00,0.00,38.00,2937.00,3059.00,0.00,0.00,0.00,0.00,188.00,0.00,0.00,0.00,0.00,0.00,0.00,0.00,0.00,0.00,0.00,0.00,1001.00,0.00,2249180.00,38623.00,0.00,0.00,781.00,1813126.00,1107931.00,2921057.00,2960461.00,5209642.00,3240.00,130683.00,133923.00,0.00,0.00,0.00,5075719.00,5209642.00
62,0.00,0.00,0.00,0.00,0.00,0.00,0.00,0.00,0.00,0.00,0.00,0.00,372.00,0.00,0.00,0.00,1033.00,3451.00,0.00,0.00,0.00,0.00,0.00,0.00,0.00,0.00,0.00,0.00,0.00,0.00,0.00,60.00,433.00,0.00,167.00,196.00,2.00,0.00,0.00,0.00,0.00,0.00,0.00,0.00,0.00,0.00,0.00,0.00,0.00,0.00,0.00,0.00,0.00,0.00,0.00,0.00,3722.00,0.00,2927.00,18481.00,34909.00,290706.00,730420.00,108647.00,3759.00,287049.00,37219.00,883.00,0.00,0.00,0.00,788552.00,61893.00,0.00,0.00,0.00,0.00,0.00,0.00,0.00,0.00,0.00,0.00,0.00,0.00,0.00,96.00,0.00,0.00,0.00,0.00,247.00,0.00,0.00,0.00,0.00,0.00,0.00,0.00,0.00,2375226.00,0.00,0.00,268290.00,9.00,420148.00,264707.00,684855.00,953154.00,3328380.00,862565.00,363869.00,1226434.00,0.00,0.00,0.00,2101946.00,3328380.00
63,0.00,0.00,0.00,0.00,0.00,0.00,0.00,36.00,18.00,8251.00,17885.00,5.00,0.00,1394.00,97.00,0.00,0.00,0.00,439.00,0.00,306.00,0.00,0.00,23.00,422.00,12.00,506.00,96.00,1.00,1.00,3414.00,155.00,1126.00,0.00,30460.00,35900.00,290.00,100043.00,87313.00,971.00,0.00,0.00,0.00,468.00,0.00,0.00,3591.00,4270.00,0.00,214184.00,225942.00,236352.00,377.00,16493.00,45151.00,742.00,122851.00,0.00,47684.00,10618.00,1666.00,334319.00,243476.00,742902.00,10992.00,558660.00,113535.00,153276.00,41972.00,246.00,5501.00,79639.00,72508.00,2571.00,142.00,12884.00,192.00,194.00,134.00,73.00,2392.00,1685.00,18643.00,30.00,366.00,254.00,1156.00,43.00,59.00,29.00,3.00,435.00,1909.00,0.00,0.00,0.00,20.00,662.00,4150.00,0.00,3624610.00,814367.00,789751.00,3015676.00,185.00,2691996.00,501249.00,3193246.00,7813224.00,11437835.00,6364702.00,2138685.00,8503387.00,0.00,0.00,0.00,2934448.00,11437834.00
64,0.00,0.00,0.00,0.00,0.00,0.00,0.00,0.00,0.00,6012.00,753.00,0.00,0.00,1545.00,264.00,0.00,0.00,0.00,0.00,0.00,0.00,0.00,0.00,0.00,0.00,0.00,0.00,0.00,0.00,0.00,1805.00,13.00,91.00,0.00,2158.00,2544.00,20.00,0.00,0.00,185.00,94.00,244.00,101.00,419.00,254.00,0.00,422.00,0.00,0.00,2087.00,2253.00,41306.00,7060.00,126.00,131.00,0.00,421.00,247.00,458.00,0.00,0.00,0.00,0.00,262622.00,12650.00,440584.00,224529.00,9.00,15826.00,0.00,0.00,0.00,0.00,960.00,5184.00,12641.00,14337.00,16389.00,7850.00,888.00,19634.00,19149.00,25502.00,23.00,419.00,123.00,7199.00,35.00,773.00,11.00,4.00,180.00,580.00,0.00,144.00,982.00,349.00,2516.00,135.00,0.00,1163148.00,0.00,106634.00,1055596.00,77490.00,1384433.00,295309.00,1679742.00,2919463.00,4082610.00,1053845.00,0.00,1053845.00,0.00,0.00,0.00,3028765.00,4082611.00
65,0.00,0.00,0.00,0.00,0.00,0.00,0.00,0.00,0.00,0.00,541.00,4.00,4.00,0.00,0.00,0.00,0.00,47.00,0.00,0.00,0.00,0.00,0.00,0.00,0.00,0.00,0.00,0.00,0.00,0.00,34.00,0.00,0.00,0.00,994.00,1172.00,10.00,0.00,0.00,158.00,0.00,0.00,0.00,0.00,472.00,0.00,0.00,7572.00,0.00,98244.00,10800.00,4547.00,1733.00,238.00,4487.00,0.00,778.00,359.00,397.00,5028.00,0.00,0.00,25.00,50791.00,66528.00,1999.00,609.00,20881.00,2431.00,349.00,30.00,218.00,12671.00,3890.00,11628.00,8731.00,256.00,12.00,0.00,730.00,10534.00,30466.00,8056.00,144.00,1778.00,1551.00,8783.00,120.00,356.00,503.00,22.00,3735.00,3939.00,0.00,638.00,950.00,1330.00,1198.00,7595.00,0.00,401274.00,3969554.00,52972.00,4529212.00,831.00,21710.00,79011.00,100720.00,8653289.00,9054563.00,5191058.00,3242095.00,8433154.00,0.00,0.00,0.00,621409.00,9054563.00
66,0.00,0.00,0.00,0.00,0.00,0.00,0.00,0.00,0.00,3349.00,0.00,6.00,0.00,0.00,0.00,0.00,77.00,48.00,0.00,0.00,0.00,0.00,0.00,0.00,0.00,0.00,0.00,0.00,0.00,0.00,88.00,62.00,197.00,0.00,969.00,1142.00,10.00,76.00,0.00,0.00,43.00,0.00,0.00,0.00,263.00,0.00,0.00,1329.00,244.00,24465.00,910.00,1460.00,6872.00,205.00,284.00,0.00,312.00,0.00,3165.00,0.00,3302.00,0.00,167.00,725.00,0.00,225236.00,256.00,52.00,224.00,177.00,194.00,106.00,0.00,1282.00,1432.00,12501.00,39726.00,45853.00,40079.00,711.00,17071.00,10593.00,21194.00,175.00,162.00,351.00,3395.00,140.00,74.00,0.00,0.00,142.00,2254.00,0.00,49.00,172.00,274.00,3414.00,14618.00,0.00,491671.00,3433356.00,39137.00,144671.00,143.00,401633.00,378252.00,779885.00,4397193.00,4888864.00,376091.00,1146686.00,1522777.00,0.00,0.00,0.00,3366087.00,4888864.00
67,0.00,0.00,0.00,0.00,0.00,0.00,0.00,0.00,0.00,0.00,0.00,0.00,0.00,0.00,0.00,0.00,0.00,0.00,0.00,0.00,0.00,0.00,0.00,0.00,0.00,0.00,0.00,0.00,0.00,0.00,29999.00,0.00,14645.00,0.00,0.00,0.00,0.00,0.00,0.00,0.00,0.00,0.00,0.00,0.00,0.00,0.00,0.00,1297.00,0.00,0.00,0.00,0.00,0.00,0.00,0.00,0.00,0.00,878.00,0.00,0.00,3670.00,810.00,1720.00,9916.00,0.00,0.00,218.00,0.00,0.00,0.00,0.00,0.00,0.00,0.00,0.00,0.00,0.00,0.00,0.00,80.00,4115.00,88.00,0.00,0.00,0.00,0.00,3490.00,0.00,0.00,0.00,0.00,0.00,0.00,0.00,0.00,0.00,0.00,0.00,1621.00,0.00,72548.00,0.00,0.00,931472.00,272.00,24405.00,1805102.00,1829507.00,2761251.00,2833799.00,487023.00,1531467.00,2018490.00,0.00,0.00,0.00,815308.00,2833799.00
68,0.00,0.00,0.00,0.00,0.00,0.00,0.00,0.00,0.00,1296.00,79.00,8.00,16.00,37.00,23.00,0.00,45.00,144.00,171.00,0.00,119.00,0.00,0.00,9.00,165.00,13.00,0.00,0.00,0.00,0.00,4575.00,33.00,237.00,0.00,1060.00,1249.00,10.00,0.00,0.00,766.00,0.00,0.00,570.00,0.00,543.00,0.00,0.00,1394.00,0.00,399.00,6530.00,6922.00,116043.00,90469.00,40191.00,0.00,6333.00,194.00,22863.00,1511.00,65403.00,475.00,245.00,2365.00,1132.00,3061.00,11.00,322653.00,8057.00,5311.00,8984.00,1556318.00,84230.00,10603.00,40036.00,7715.00,0.00,0.00,0.00,85.00,2210.00,3487.00,21448.00,1439.00,6495.00,4271.00,14681.00,50.00,5464.00,1137.00,22.00,558.00,10629.00,0.00,165.00,896.00,1996.00,12821.00,124800.00,0.00,2633273.00,1819966.00,60407.00,1243557.00,162456.00,989320.00,8516.00,997836.00,4284222.00,6917495.00,334976.00,5098654.00,5433630.00,0.00,0.00,0.00,1483865.00,6917495.00
69,26.00,0.00,0.00,0.00,0.00,0.00,0.00,0.00,0.00,2086.00,3407.00,56.00,54.00,2565.00,81.00,0.00,93.00,185.00,44.00,0.00,21.00,203.00,344.00,3.00,80.00,2.00,161.00,33.00,0.00,0.00,1173.00,512.00,3712.00,1311.00,3072.00,3621.00,0.00,317.00,2332.00,2373.00,456.00,998.00,6264.00,2177.00,7178.00,0.00,1850.00,447499.00,0.00,232940.00,134859.00,21666.00,257157.00,28890.00,77690.00,811.00,123553.00,975.00,24993.00,17271.00,67265.00,9017.00,9172.00,3462.00,10212.00,19110.00,1377.00,20235.00,793922.00,10359.00,25070.00,219053.00,423849.00,53035.00,48786.00,1010.00,1445.00,1125.00,519.00,29.00,23.00,1685.00,1283.00,955.00,1529.00,4360.00,273.00,194.00,807.00,11.00,3.00,17334.00,21493.00,0.00,278.00,47917.00,22909.00,11769.00,168761.00,0.00,3447125.00,1312414.00,227078.00,0.00,0.00,0.00,1507213.00,1507213.00,3046705.00,6493829.00,0.00,297140.00,297140.00,0.00,0.00,0.00,6196689.00,6493830.00
70,0.00,0.00,0.00,0.00,0.00,0.00,0.00,0.00,0.00,0.00,0.00,0.00,0.00,0.00,0.00,0.00,0.00,0.00,0.00,0.00,0.00,0.00,0.00,0.00,0.00,0.00,0.00,0.00,0.00,0.00,0.00,0.00,0.00,0.00,0.00,0.00,0.00,0.00,178.00,882.00,0.00,315.00,1360.00,0.00,610.00,3260.00,403.00,2620.00,0.00,692.00,0.00,0.00,0.00,0.00,0.00,231.00,0.00,0.00,10397.00,0.00,0.00,0.00,334.00,0.00,333.00,616.00,324.00,2542.00,1251.00,813.00,0.00,0.00,164293.00,14717.00,18856.00,251.00,0.00,0.00,0.00,0.00,224.00,267.00,507.00,0.00,59.00,0.00,8720.00,743.00,1782.00,672.00,8.00,3724.00,6882.00,0.00,17.00,0.00,5214.00,0.00,2106.00,0.00,256202.00,145880.00,63501.00,0.00,0.00,0.00,0.00,0.00,209381.00,465584.00,0.00,0.00,0.00,0.00,0.00,0.00,465584.00,465584.00
71,56.00,0.00,0.00,0.00,0.00,0.00,0.00,0.00,0.00,706.00,81.00,6.00,42.00,178.00,81.00,0.00,119.00,391.00,160.00,0.00,30.00,26.00,581.00,1.00,75.00,0.00,0.00,0.00,0.00,0.00,624.00,10.00,329.00,111.00,4721.00,1987.00,351.00,194.00,2187.00,3258.00,117.00,714.00,10272.00,1455.00,6938.00,0.00,2330.00,26299.00,0.00,19577.00,17843.00,1589.00,1813.00,2885.00,4585.00,685.00,2509.00,924.00,3777.00,3382.00,5759.00,339.00,1213.00,1708.00,587.00,973.00,236.00,5224.00,19745.00,4473.00,677.00,641.00,129616.00,5391.00,31960.00,0.00,109.00,266.00,229.00,19.00,691.00,658.00,658.00,181.00,105.00,0.00,515.00,765.00,852.00,236.00,22.00,533.00,3460.00,0.00,23.00,475.00,7082.00,322.00,1820.00,0.00,351561.00,110957.00,31733.00,0.00,0.00,0.00,0.00,0.00,142690.00,494251.00,0.00,0.00,0.00,0.00,0.00,0.00,494251.00,494251.00
72,0.00,0.00,0.00,0.00,0.00,0.00,0.00,0.00,0.00,0.00,0.00,0.00,0.00,0.00,0.00,0.00,0.00,0.00,0.00,0.00,0.00,0.00,0.00,0.00,0.00,0.00,0.00,0.00,0.00,0.00,0.00,0.00,0.00,0.00,0.00,0.00,0.00,0.00,0.00,0.00,0.00,0.00,0.00,0.00,0.00,0.00,0.00,0.00,0.00,0.00,0.00,0.00,0.00,0.00,0.00,0.00,0.00,0.00,0.00,0.00,0.00,0.00,0.00,0.00,0.00,0.00,0.00,0.00,0.00,0.00,0.00,0.00,0.00,0.00,0.00,0.00,0.00,0.00,0.00,0.00,0.00,0.00,0.00,0.00,0.00,0.00,0.00,0.00,0.00,0.00,0.00,0.00,0.00,0.00,0.00,0.00,0.00,0.00,0.00,0.00,0.00,1272960.00,493174.00,13920615.00,0.00,0.00,0.00,0.00,15686749.00,15686749.00,0.00,0.00,0.00,0.00,0.00,0.00,15686749.00,15686749.00
73,186811.00,70789.00,19374.00,10121.00,21686.00,22253.00,4902.00,372.00,1146.00,706.00,6175.00,3237.00,550.00,20543.00,11758.00,0.00,1074.00,1689.00,905.00,26333.00,4574.00,29346.00,9225.00,51.00,8073.00,175.00,1872.00,344.00,48.00,25.00,11200.00,723.00,9411.00,154878.00,64543.00,112129.00,603.00,29764.00,71507.00,21766.00,240885.00,1101.00,63361.00,136982.00,86034.00,36606.00,8663.00,985612.00,90373.00,354097.00,218475.00,516080.00,490396.00,505022.00,377858.00,76134.00,154497.00,2962.00,161152.00,152121.00,356319.00,149198.00,141763.00,259017.00,12677.00,344409.00,105807.00,84948.00,59960.00,13410.00,23738.00,685005.00,390310.00,39916.00,561672.00,13688.00,132210.00,89322.00,46161.00,7977.00,34808.00,35745.00,33629.00,1449.00,2677.00,11209.00,39043.00,2808.00,3427.00,888.00,32.00,966.00,195825.00,0.00,622.00,10505.00,8735.00,6991.00,335685.00,0.00,9841646.00,12510522.00,373097.00,2355245.00,746534.00,8500000.00,7949614.00,16449614.00,32435012.00,42276658.00,0.00,0.00,0.00,0.00,0.00,0.00,42276659.00,42276659.00
74,0.00,0.00,0.00,0.00,0.00,0.00,0.00,0.00,0.00,4230.00,144.00,23.00,6.00,391.00,76.00,0.00,23.00,51.00,0.00,0.00,0.00,0.00,0.00,0.00,0.00,0.00,0.00,0.00,0.00,0.00,102.00,17.00,0.00,0.00,6651.00,7839.00,64.00,0.00,84.00,107.00,0.00,792.00,2479.00,130.00,1527.00,199.00,908.00,4517.00,30.00,8042.00,11004.00,1371.00,9014.00,2039.00,5311.00,194.00,9544.00,283.00,881.00,876.00,3141.00,546.00,648.00,417.00,180.00,424.00,223.00,2043.00,121595.00,3205.00,245.00,10097.00,81310.00,11609.00,20130.00,1255.00,1238.00,909.00,128.00,44.00,2488.00,69734.00,21167.00,148.00,1173.00,0.00,67826.00,0.00,12860.00,2675.00,31.00,2136.00,253048.00,0.00,882.00,4200.00,710.00,3828.00,107826.00,0.00,889059.00,1174372.00,43208.00,0.00,0.00,247979.00,31304.00,279283.00,1496863.00,2385922.00,216860.00,0.00,216860.00,0.00,0.00,0.00,2169062.00,2385922.00
75,10051.00,2531.00,2376.00,2528.00,352.00,313.00,357.00,0.00,0.00,3810.00,1505.00,159.00,15.00,95.00,260.00,0.00,41.00,137.00,0.00,0.00,0.00,0.00,0.00,0.00,0.00,0.00,0.00,0.00,0.00,0.00,2285.00,32.00,232.00,0.00,9952.00,11730.00,94.00,996.00,565.00,705.00,86.00,302.00,3943.00,658.00,4923.00,1506.00,700.00,8264.00,46.00,23318.00,17911.00,2257.00,11381.00,4946.00,8409.00,332.00,10818.00,1184.00,1755.00,2233.00,12865.00,735.00,3377.00,1338.00,221.00,686.00,360.00,6042.00,151515.00,3675.00,199.00,24685.00,258561.00,17218.00,226474.00,13177.00,3919.00,7217.00,1527.00,902.00,865.00,40855.00,7596.00,168.00,2177.00,510.00,24150.00,3811.00,1474.00,33.00,13.00,3462.00,17243.00,0.00,953.00,4539.00,10900.00,4020.00,191123.00,0.00,1204698.00,12432387.00,42574.00,0.00,0.00,2051873.00,27148.00,2079021.00,14553982.00,15758680.00,678705.00,0.00,678705.00,0.00,0.00,0.00,15079975.00,15758680.00
76,0.00,0.00,0.00,0.00,37.00,0.00,0.00,0.00,0.00,2146.00,117.00,51.00,7.00,249.00,31.00,0.00,21.00,79.00,820.00,0.00,0.00,0.00,0.00,147.00,1729.00,974.00,714.00,599.00,119.00,66.00,0.00,152.00,1102.00,0.00,0.00,0.00,0.00,0.00,1074.00,1347.00,166.00,241.00,888.00,914.00,1972.00,1747.00,407.00,2352.00,616.00,3736.00,6305.00,3819.00,1796.00,1182.00,797.00,571.00,7421.00,1164.00,1203.00,2535.00,503.00,1191.00,1528.00,1658.00,1136.00,948.00,1441.00,5549.00,8151.00,0.00,637.00,397.00,153372.00,900.00,993.00,5692.00,21.00,42.00,91.00,109.00,44.00,404.00,1565.00,310.00,1166.00,229.00,518.00,62.00,137.00,0.00,11.00,67.00,72.00,0.00,27.00,19.00,13.00,414.00,0.00,0.00,240830.00,335711.00,58437.00,0.00,0.00,45479.00,0.00,45479.00,439627.00,680457.00,388636.00,0.00,388636.00,0.00,0.00,0.00,291821.00,680458.00
77,0.00,0.00,0.00,0.00,0.00,0.00,0.00,0.00,0.00,0.00,2550.00,152.00,34.00,688.00,232.00,0.00,49.00,314.00,0.00,0.00,0.00,0.00,0.00,0.00,0.00,0.00,0.00,0.00,0.00,0.00,0.00,49.00,0.00,683.00,41169.00,48521.00,395.00,0.00,635.00,3800.00,0.00,437.00,8978.00,1258.00,65768.00,2048.00,5020.00,282098.00,130.00,7348.00,14256.00,55318.00,71276.00,32259.00,52120.00,293.00,11014.00,1416.00,2816.00,5536.00,8796.00,1480.00,1857.00,2160.00,1903.00,12447.00,1286.00,7407.00,188782.00,4333.00,0.00,46079.00,338493.00,25526.00,408150.00,1097.00,4885.00,141.00,260.00,231.00,20152.00,16825.00,33613.00,293.00,1582.00,630.00,34824.00,1443.00,4095.00,740.00,19.00,3013.00,3517.00,0.00,863.00,3243.00,2431.00,28428.00,21935.00,0.00,1951619.00,1209178.00,127065.00,0.00,0.00,151838.00,158277.00,310115.00,1646358.00,3597976.00,339.00,637367.00,637706.00,0.00,0.00,0.00,2960270.00,3597976.00
78,457.00,0.00,0.00,0.00,0.00,0.00,417.00,11501.00,2215.00,69659.00,21106.00,369.00,455.00,3836.00,1031.00,0.00,1257.00,4182.00,3100.00,0.00,2161.00,10686.00,5888.00,160.00,2980.00,141.00,11671.00,2288.00,44.00,19.00,2202.00,606.00,4404.00,241.00,14082.00,16597.00,133.00,28587.00,1705.00,2541.00,613.00,1077.00,23284.00,3256.00,0.00,29429.00,1381.00,494507.00,584.00,123662.00,164415.00,8720.00,122330.00,36823.00,23351.00,1405.00,244712.00,1784.00,86198.00,10431.00,46817.00,24174.00,30837.00,24182.00,3490.00,19609.00,5049.00,30029.00,63126.00,1128.00,0.00,208102.00,337812.00,0.00,60030.00,793.00,60.00,894.00,385.00,164.00,6074.00,3490.00,17400.00,486.00,0.00,237.00,0.00,0.00,0.00,0.00,0.00,0.00,0.00,0.00,0.00,0.00,0.00,0.00,0.00,0.00,2489048.00,332734.00,95187.00,0.00,0.00,0.00,115226.00,115226.00,543147.00,3032195.00,0.00,960177.00,960177.00,0.00,0.00,0.00,2072018.00,3032195.00
79,10792.00,14397.00,15206.00,6155.00,11011.00,4505.00,4203.00,9682.00,1312.00,12162.00,25829.00,120.00,26.00,1111.00,188.00,0.00,57.00,1694.00,1315.00,0.00,917.00,4534.00,2498.00,68.00,1264.00,53.00,3134.00,607.00,19.00,11.00,359.00,82.00,1180.00,8291.00,13902.00,1280.00,96.00,11386.00,1868.00,4656.00,884.00,1489.00,10129.00,13107.00,19636.00,6046.00,2306.00,79335.00,2792.00,135910.00,23186.00,3326.00,22188.00,6845.00,9584.00,1152.00,18514.00,1774.00,13745.00,10984.00,20003.00,1406.00,1424.00,2656.00,2013.00,896.00,471.00,13910.00,15017.00,5208.00,0.00,24562.00,517959.00,22948.00,66697.00,1940.00,59.00,107.00,3446.00,391.00,459.00,2586.00,3950.00,300.00,488.00,376.00,238.00,880.00,219.00,8.00,33.00,2062.00,11366.00,0.00,71.00,4615.00,56.00,327.00,24607.00,0.00,1312657.00,12461.00,5391.00,0.00,0.00,1689.00,0.00,1689.00,19541.00,1332198.00,328.00,248258.00,248586.00,0.00,0.00,0.00,1083612.00,1332198.00
80,0.00,0.00,0.00,0.00,20.00,0.00,0.00,2162.00,1493.00,0.00,561.00,0.00,0.00,0.00,0.00,0.00,0.00,0.00,248.00,0.00,173.00,854.00,470.00,13.00,238.00,29.00,2009.00,337.00,4.00,4.00,18.00,5.00,72.00,242.00,341.00,402.00,0.00,1590.00,0.00,1295.00,0.00,254.00,2010.00,0.00,792.00,548.00,322.00,2288.00,0.00,2218.00,37976.00,3181.00,7182.00,2351.00,775.00,116.00,6462.00,1623.00,3057.00,823.00,1203.00,390.00,726.00,577.00,840.00,743.00,390.00,2343.00,4827.00,0.00,245.00,447.00,144088.00,4707.00,31882.00,86.00,8.00,7.00,5.00,145.00,0.00,0.00,553.00,98.00,214.00,0.00,107.00,29.00,31.00,3.00,11.00,0.00,109.00,0.00,0.00,0.00,0.00,137.00,0.00,0.00,279508.00,4835.00,0.00,0.00,0.00,0.00,0.00,0.00,4835.00,284343.00,0.00,169022.00,169022.00,0.00,0.00,0.00,115321.00,284343.00
81,0.00,0.00,0.00,0.00,0.00,0.00,0.00,0.00,0.00,0.00,903.00,0.00,7.00,0.00,0.00,0.00,26.00,384.00,268.00,0.00,187.00,0.00,0.00,14.00,258.00,31.00,172.00,249.00,4.00,4.00,59.00,16.00,124.00,0.00,2366.00,833.00,102.00,0.00,972.00,3205.00,550.00,1170.00,1627.00,1210.00,2218.00,442.00,1563.00,65691.00,0.00,5584.00,18196.00,48406.00,55889.00,59429.00,38076.00,1185.00,23274.00,492.00,5842.00,3648.00,45742.00,1238.00,6203.00,50646.00,3662.00,20691.00,10872.00,30381.00,6324.00,0.00,531.00,46113.00,451623.00,22931.00,16746.00,77.00,0.00,0.00,0.00,0.00,1483.00,99.00,2322.00,359.00,200.00,0.00,732.00,0.00,3051.00,406.00,12.00,140.00,1664.00,0.00,0.00,0.00,0.00,705.00,0.00,0.00,1069630.00,77949.00,0.00,0.00,0.00,1445.00,395.00,1841.00,79790.00,1149420.00,413.00,314875.00,315289.00,0.00,0.00,0.00,834131.00,1149420.00
82,0.00,0.00,0.00,0.00,0.00,0.00,0.00,0.00,0.00,5210.00,191.00,50.00,9.00,0.00,0.00,0.00,39.00,215.00,0.00,0.00,0.00,0.00,0.00,0.00,0.00,0.00,0.00,0.00,0.00,0.00,72.00,0.00,0.00,0.00,7153.00,2134.00,18.00,0.00,562.00,1223.00,0.00,551.00,21230.00,2961.00,1560.00,1134.00,2479.00,183963.00,0.00,47560.00,263525.00,0.00,36643.00,16327.00,22967.00,1881.00,27483.00,4445.00,3071.00,1587.00,18517.00,1219.00,11519.00,3073.00,1678.00,670.00,352.00,8787.00,75878.00,2154.00,2301.00,1728.00,149927.00,19454.00,67352.00,480.00,0.00,0.00,0.00,0.00,2729.00,35508.00,1130.00,453.00,1578.00,0.00,2695.00,0.00,2536.00,45.00,10.00,2039.00,10513.00,0.00,43.00,71.00,114.00,476.00,0.00,0.00,1081268.00,20033.00,5611.00,0.00,0.00,32163.00,2940.00,35103.00,60747.00,1142015.00,504.00,255119.00,255623.00,0.00,0.00,0.00,886391.00,1142014.00
83,0.00,0.00,0.00,0.00,0.00,0.00,0.00,3073.00,527.00,44920.00,2388.00,53.00,282.00,6060.00,276.00,0.00,784.00,2610.00,774.00,0.00,540.00,2668.00,1470.00,40.00,744.00,40.00,1185.00,114.00,6.00,1.00,317.00,45.00,0.00,0.00,14220.00,5650.00,47.00,271.00,2676.00,1718.00,0.00,323.00,6061.00,0.00,4912.00,3566.00,0.00,781178.00,0.00,75474.00,363136.00,314451.00,351537.00,346350.00,129971.00,3556.00,30939.00,0.00,147937.00,31617.00,86817.00,12778.00,29520.00,32276.00,5334.00,3424.00,1799.00,16406.00,51670.00,2816.00,5000.00,188962.00,522941.00,31824.00,235035.00,126.00,1687.00,281.00,299.00,201.00,11027.00,9190.00,4535.00,278.00,1007.00,423.00,40190.00,0.00,2061.00,0.00,8.00,853.00,5058.00,0.00,0.00,0.00,0.00,9228.00,0.00,0.00,3997560.00,49488.00,28464.00,0.00,0.00,0.00,0.00,0.00,77952.00,4075513.00,0.00,516959.00,516959.00,0.00,0.00,0.00,3558553.00,4075512.00
84,0.00,0.00,0.00,0.00,0.00,0.00,0.00,0.00,0.00,1105.00,59.00,9.00,9.00,100.00,62.00,0.00,24.00,79.00,0.00,0.00,0.00,0.00,0.00,0.00,0.00,0.00,0.00,0.00,0.00,0.00,97.00,4.00,167.00,0.00,246.00,486.00,19.00,0.00,235.00,491.00,282.00,493.00,519.00,222.00,1465.00,119.00,938.00,293.00,0.00,3006.00,7073.00,640.00,2094.00,1378.00,405.00,229.00,8984.00,0.00,656.00,1489.00,667.00,335.00,239.00,337.00,676.00,600.00,315.00,927.00,9823.00,2098.00,1504.00,2445.00,69151.00,2151.00,12507.00,171.00,5.00,6.00,0.00,6.00,420.00,220.00,1610.00,132.00,227.00,0.00,707.00,107.00,344.00,8.00,20.00,81.00,1500.00,0.00,0.00,0.00,0.00,32.00,382.00,0.00,143238.00,5301.00,4724.00,0.00,0.00,0.00,406.00,406.00,10431.00,153669.00,0.00,41251.00,41251.00,0.00,0.00,0.00,112418.00,153669.00
85,0.00,0.00,0.00,0.00,0.00,0.00,0.00,0.00,0.00,3755.00,201.00,30.00,29.00,142.00,213.00,0.00,80.00,265.00,0.00,0.00,0.00,0.00,0.00,0.00,0.00,0.00,0.00,0.00,0.00,0.00,331.00,8.00,528.00,130.00,2680.00,3159.00,21.00,18.00,380.00,1088.00,398.00,654.00,5762.00,486.00,10253.00,1106.00,2446.00,24113.00,459.00,14415.00,43481.00,2007.00,44308.00,10243.00,16654.00,325.00,57218.00,3430.00,2533.00,13216.00,10717.00,1118.00,4992.00,4868.00,966.00,3062.00,1609.00,2573.00,138911.00,11864.00,905.00,367461.00,174417.00,10485.00,39593.00,855.00,15.00,14.00,18.00,8.00,361.00,6954.00,1948.00,118.00,316.00,33175.00,5669.00,2032.00,1160.00,29.00,24.00,1081.00,63.00,0.00,93.00,0.00,0.00,15.00,48.00,0.00,1094102.00,800111.00,6227.00,0.00,0.00,353.00,559.00,912.00,807250.00,1901353.00,418.00,0.00,418.00,0.00,0.00,0.00,1900934.00,1901352.00
86,0.00,0.00,0.00,0.00,0.00,0.00,0.00,0.00,0.00,119.00,8.00,18.00,4.00,0.00,7.00,0.00,12.00,118.00,0.00,0.00,0.00,0.00,0.00,0.00,0.00,0.00,0.00,0.00,0.00,0.00,11.00,7.00,154.00,0.00,9988.00,11772.00,95.00,0.00,507.00,700.00,213.00,0.00,1015.00,26.00,7068.00,0.00,0.00,10918.00,0.00,3189.00,13693.00,0.00,3370.00,5101.00,266.00,21.00,4149.00,443.00,579.00,850.00,352.00,116.00,227.00,327.00,354.00,127.00,67.00,1388.00,25191.00,0.00,0.00,203.00,2851.00,2833.00,10643.00,0.00,0.00,0.00,0.00,0.00,698.00,890.00,1150.00,293.00,0.00,458.00,260.00,0.00,802.00,1.00,21.00,338.00,628.00,0.00,32.00,39.00,17.00,236.00,0.00,0.00,124969.00,408254.00,0.00,0.00,0.00,388.00,0.00,388.00,408643.00,533611.00,476.00,0.00,476.00,0.00,0.00,0.00,533135.00,533611.00
87,7917.00,7040.00,3620.00,2139.00,680.00,137.00,459.00,60.00,30.00,23620.00,1304.00,1256.00,135.00,1337.00,1244.00,0.00,495.00,525.00,18.00,0.00,10.00,133.00,49.00,3.00,2.00,24.00,202.00,44.00,0.00,0.00,1894.00,1357.00,1583.00,1042.00,2004.00,1191.00,8.00,595.00,449.00,911.00,542.00,617.00,5878.00,525.00,11081.00,1388.00,3166.00,3626.00,458.00,17101.00,45422.00,23746.00,11704.00,6151.00,14311.00,553.00,68713.00,460.00,15589.00,1196.00,18694.00,6732.00,7544.00,4590.00,1950.00,2416.00,127.00,16140.00,3048.00,5010.00,35012.00,101461.00,576625.00,8567.00,40273.00,27.00,17.00,8.00,7.00,55.00,221.00,16559.00,1142.00,39.00,2460.00,3254.00,35533.00,380.00,2940.00,26.00,5.00,202.00,1765.00,0.00,0.00,0.00,0.00,127.00,954.00,0.00,1200880.00,203655.00,920.00,0.00,0.00,0.00,0.00,0.00,204575.00,1405454.00,0.00,0.00,0.00,0.00,0.00,0.00,1405455.00,1405455.00
88,1117.00,1940.00,2371.00,1425.00,406.00,304.00,226.00,63.00,31.00,1306.00,96.00,41.00,8.00,134.00,89.00,0.00,22.00,182.00,11.00,0.00,15.00,130.00,38.00,2.00,3.00,4.00,91.00,20.00,0.00,0.00,503.00,115.00,256.00,316.00,0.00,0.00,65.00,2824.00,67.00,442.00,80.00,139.00,772.00,318.00,3602.00,188.00,320.00,0.00,185.00,487.00,10521.00,9403.00,936.00,0.00,426.00,145.00,5716.00,0.00,396.00,0.00,2350.00,193.00,427.00,189.00,217.00,97.00,51.00,2343.00,0.00,0.00,1763.00,162.00,69164.00,5025.00,23754.00,0.00,24.00,6.00,12.00,7.00,0.00,0.00,1394.00,8.00,44.00,26.00,16.00,15.00,17.00,0.00,3.00,4.00,41.00,0.00,0.00,0.00,0.00,0.00,84.00,0.00,155733.00,779.00,0.00,0.00,0.00,0.00,0.00,0.00,779.00,156512.00,0.00,0.00,0.00,0.00,0.00,0.00,156512.00,156512.00
89,0.00,0.00,0.00,0.00,0.00,0.00,0.00,0.00,0.00,11021.00,90.00,0.00,20.00,62.00,12.00,0.00,55.00,186.00,0.00,0.00,0.00,0.00,0.00,0.00,0.00,0.00,0.00,0.00,0.00,0.00,93.00,0.00,0.00,0.00,1150.00,196.00,5.00,0.00,444.00,842.00,92.00,210.00,10145.00,0.00,4290.00,373.00,789.00,7504.00,0.00,6341.00,19633.00,775.00,16218.00,19837.00,15884.00,272.00,9067.00,520.00,1873.00,4520.00,8008.00,989.00,1117.00,691.00,994.00,1654.00,869.00,8907.00,14277.00,2937.00,4326.00,68074.00,89608.00,4920.00,7190.00,428.00,12.00,14.00,12.00,2.00,102.00,4504.00,824.00,27.00,663.00,1238.00,3911.00,626.00,360.00,5.00,2.00,571.00,542.00,0.00,0.00,0.00,0.00,75.00,0.00,0.00,360996.00,277730.00,0.00,0.00,0.00,1669.00,0.00,1669.00,279398.00,640394.00,2115.00,0.00,2115.00,0.00,0.00,0.00,638279.00,640394.00
90,0.00,0.00,0.00,0.00,0.00,0.00,0.00,0.00,0.00,725.00,0.00,0.00,0.00,0.00,0.00,0.00,0.00,0.00,0.00,0.00,0.00,0.00,0.00,0.00,0.00,0.00,0.00,0.00,0.00,0.00,0.00,0.00,0.00,0.00,162.00,191.00,0.00,0.00,285.00,741.00,0.00,284.00,47.00,0.00,0.00,290.00,0.00,903.00,0.00,1415.00,0.00,0.00,540.00,673.00,923.00,0.00,1219.00,0.00,0.00,916.00,577.00,210.00,509.00,551.00,0.00,0.00,0.00,0.00,0.00,0.00,0.00,0.00,0.00,205.00,0.00,0.00,0.00,0.00,0.00,0.00,0.00,562.00,0.00,0.00,0.00,0.00,4119.00,0.00,33.00,0.00,0.00,521.00,0.00,0.00,0.00,0.00,0.00,0.00,11066.00,0.00,27667.00,0.00,0.00,0.00,0.00,0.00,0.00,0.00,0.00,27667.00,0.00,0.00,0.00,0.00,0.00,0.00,27667.00,27667.00
91,0.00,0.00,0.00,0.00,0.00,0.00,0.00,0.00,0.00,1039.00,0.00,0.00,8.00,0.00,0.00,0.00,0.00,0.00,0.00,0.00,0.00,0.00,0.00,0.00,0.00,0.00,0.00,0.00,0.00,0.00,0.00,0.00,0.00,0.00,138.00,120.00,0.00,0.00,0.00,136.00,0.00,0.00,13.00,0.00,0.00,90.00,0.00,604.00,0.00,394.00,0.00,0.00,126.00,92.00,168.00,0.00,172.00,0.00,0.00,13.00,19.00,11.00,11.00,73.00,0.00,0.00,0.00,0.00,0.00,0.00,0.00,0.00,0.00,11.00,0.00,0.00,0.00,0.00,0.00,0.00,0.00,0.00,0.00,0.00,0.00,0.00,6673.00,0.00,21.00,0.00,0.00,11.00,0.00,0.00,0.00,0.00,0.00,0.00,0.00,0.00,9941.00,0.00,0.00,0.00,0.00,0.00,0.00,0.00,0.00,9941.00,0.00,4111.00,4111.00,0.00,0.00,0.00,5830.00,9941.00
92,2584.00,8820.00,4280.00,1608.00,494.00,583.00,408.00,130.00,104.00,914.00,1255.00,47.00,312.00,2688.00,31.00,0.00,40.00,331.00,70.00,48.00,8.00,434.00,118.00,16.00,479.00,12.00,0.00,0.00,0.00,0.00,32.00,47.00,531.00,0.00,53208.00,84695.00,1369.00,8103.00,735.00,4828.00,147.00,251.00,3791.00,1959.00,1157.00,4076.00,293.00,1017.00,206.00,1418.00,14091.00,1887.00,12322.00,9621.00,2143.00,338.00,7161.00,203.00,9373.00,3073.00,6699.00,1115.00,215.00,5337.00,247.00,716.00,376.00,9446.00,29631.00,5948.00,249.00,28210.00,369069.00,3858.00,27106.00,16.00,11.00,10.00,6.00,0.00,8.00,26.00,26.00,85.00,779.00,141.00,352.00,10.00,103.00,46.00,11.00,491.00,5418.00,0.00,60.00,918.00,109.00,393.00,616.00,0.00,751778.00,2270727.00,308.00,0.00,0.00,1576.00,0.00,1576.00,2272612.00,3024389.00,2105.00,0.00,2105.00,0.00,0.00,0.00,3022284.00,3024390.00
93,692.00,0.00,0.00,0.00,22.00,88.00,18.00,165.00,70.00,461.00,1406.00,56.00,16.00,256.00,1011.00,0.00,44.00,143.00,106.00,105.00,11.00,144.00,102.00,24.00,1377.00,18.00,196.00,414.00,11.00,21.00,537.00,104.00,752.00,218.00,6226.00,6286.00,28.00,299.00,489.00,957.00,28.00,309.00,104.00,131.00,590.00,315.00,586.00,463.00,218.00,3625.00,13487.00,1973.00,17446.00,10248.00,6409.00,270.00,14195.00,278.00,548.00,3419.00,3336.00,892.00,493.00,479.00,95.00,386.00,203.00,552.00,75153.00,10163.00,2867.00,43348.00,97256.00,1443.00,34715.00,218.00,99.00,11.00,15.00,155.00,278.00,4145.00,738.00,184.00,406.00,13661.00,31049.00,2477.00,403.00,164.00,11.00,2916.00,10863.00,0.00,1297.00,4639.00,601.00,3320.00,8979.00,0.00,455528.00,2704826.00,6779.00,0.00,0.00,591.00,0.00,591.00,2712196.00,3167724.00,710.00,0.00,710.00,0.00,0.00,0.00,3167014.00,3167724.00
94,0.00,0.00,0.00,0.00,0.00,0.00,0.00,0.00,0.00,0.00,0.00,0.00,0.00,0.00,0.00,0.00,0.00,0.00,0.00,0.00,0.00,0.00,0.00,0.00,0.00,0.00,0.00,0.00,0.00,0.00,0.00,0.00,0.00,0.00,0.00,0.00,0.00,0.00,0.00,0.00,0.00,0.00,0.00,0.00,0.00,0.00,0.00,0.00,0.00,0.00,0.00,0.00,0.00,0.00,0.00,0.00,0.00,0.00,0.00,0.00,0.00,0.00,0.00,0.00,0.00,0.00,0.00,0.00,0.00,0.00,0.00,0.00,0.00,0.00,0.00,0.00,0.00,0.00,0.00,0.00,0.00,0.00,0.00,0.00,0.00,0.00,0.00,0.00,0.00,0.00,0.00,0.00,0.00,0.00,0.00,0.00,0.00,0.00,0.00,0.00,0.00,0.00,7392004.00,0.00,0.00,0.00,0.00,0.00,7392004.00,7392004.00,0.00,0.00,0.00,0.00,0.00,0.00,7392004.00,7392004.00
95,0.00,0.00,0.00,0.00,0.00,0.00,0.00,0.00,0.00,109.00,0.00,0.00,0.00,0.00,0.00,0.00,0.00,0.00,0.00,0.00,0.00,0.00,0.00,0.00,0.00,0.00,0.00,0.00,0.00,0.00,0.00,0.00,0.00,0.00,1343.00,533.00,4.00,0.00,200.00,250.00,0.00,242.00,2023.00,330.00,409.00,93.00,480.00,277.00,0.00,1960.00,5122.00,2055.00,5329.00,948.00,2661.00,0.00,2086.00,0.00,1395.00,360.00,2242.00,254.00,276.00,1009.00,188.00,183.00,96.00,421.00,1443.00,0.00,0.00,2856.00,72592.00,12098.00,24447.00,16.00,0.00,0.00,0.00,0.00,664.00,97.00,82.00,0.00,127.00,898.00,438.00,0.00,435.00,0.00,11.00,144.00,102.00,0.00,0.00,0.00,0.00,78.00,0.00,0.00,149407.00,135887.00,324.00,0.00,0.00,15850.00,13061.00,28911.00,165121.00,314528.00,22185.00,212594.00,234779.00,0.00,0.00,0.00,79750.00,314528.00
96,0.00,0.00,0.00,0.00,0.00,0.00,0.00,0.00,0.00,1909.00,110.00,63.00,4.00,2521.00,207.00,0.00,39.00,21.00,0.00,0.00,0.00,0.00,0.00,0.00,0.00,0.00,0.00,0.00,0.00,0.00,701.00,35.00,261.00,0.00,1195.00,995.00,2.00,0.00,108.00,683.00,0.00,0.00,1508.00,361.00,782.00,475.00,1402.00,2403.00,0.00,1805.00,16845.00,622.00,12674.00,1160.00,2435.00,214.00,8158.00,183.00,663.00,670.00,5398.00,2009.00,1940.00,1283.00,657.00,1913.00,1005.00,2423.00,23574.00,1521.00,324.00,11961.00,73669.00,2214.00,14869.00,44.00,0.00,0.00,0.00,70.00,177.00,13098.00,377.00,0.00,3591.00,8528.00,17382.00,2278.00,2390.00,15.00,3.00,253.00,7419.00,0.00,13.00,26582.00,340.00,10739.00,5844.00,0.00,305118.00,841990.00,903.00,0.00,0.00,275.00,0.00,275.00,843168.00,1148285.00,335.00,0.00,335.00,0.00,0.00,0.00,1147951.00,1148285.00
97,0.00,0.00,0.00,0.00,0.00,0.00,0.00,0.00,0.00,385.00,64.00,14.00,4.00,538.00,44.00,0.00,34.00,25.00,927.00,0.00,59.00,290.00,160.00,48.00,891.00,98.00,611.00,132.00,1.00,1.00,150.00,7.00,54.00,0.00,1288.00,188.00,2.00,181.00,248.00,297.00,58.00,347.00,1342.00,347.00,759.00,99.00,997.00,4804.00,168.00,3288.00,5730.00,732.00,2604.00,1697.00,2847.00,88.00,3746.00,41.00,317.00,1364.00,326.00,267.00,420.00,390.00,265.00,456.00,240.00,3916.00,32037.00,803.00,309.00,4635.00,48396.00,1271.00,7828.00,9.00,0.00,0.00,0.00,10.00,245.00,859.00,521.00,0.00,687.00,441.00,5807.00,1100.00,1906.00,3.00,4.00,355.00,2179.00,0.00,0.00,0.00,0.00,72.00,0.00,0.00,153872.00,205009.00,10120.00,0.00,0.00,56.00,81100.00,81156.00,296285.00,450157.00,74.00,23973.00,24048.00,0.00,0.00,0.00,426110.00,450157.00
98,144.00,0.00,0.00,108.00,0.00,0.00,0.00,0.00,0.00,685.00,42.00,22.00,2.00,914.00,75.00,0.00,6.00,10.00,0.00,0.00,0.00,0.00,0.00,0.00,0.00,0.00,0.00,0.00,0.00,0.00,253.00,13.00,91.00,0.00,4702.00,1137.00,60.00,325.00,0.00,231.00,0.00,670.00,579.00,0.00,0.00,0.00,0.00,477.00,0.00,0.00,2270.00,0.00,6150.00,0.00,823.00,0.00,615.00,0.00,367.00,350.00,563.00,291.00,229.00,424.00,198.00,0.00,0.00,592.00,1432.00,744.00,0.00,615.00,0.00,879.00,5100.00,0.00,0.00,0.00,0.00,82.00,0.00,1223.00,416.00,0.00,1462.00,119.00,388.00,1500.00,3153.00,6.00,29.00,326.00,3551.00,0.00,24.00,99.00,44.00,1724.00,519.00,0.00,46844.00,507117.00,9677.00,0.00,0.00,0.00,0.00,0.00,516794.00,563638.00,0.00,0.00,0.00,0.00,0.00,0.00,563638.00,563638.00
99,23115.00,6131.00,1573.00,3267.00,208.00,591.00,1506.00,3776.00,9381.00,21912.00,10564.00,11.00,244.00,10584.00,2285.00,0.00,1585.00,3267.00,892.00,19.00,732.00,3013.00,1698.00,42.00,878.00,77.00,6279.00,761.00,4.00,5.00,2541.00,1432.00,9280.00,26.00,10571.00,5582.00,0.00,10972.00,2989.00,2498.00,386.00,1805.00,7130.00,6056.00,11573.00,1019.00,1477.00,12670.00,638.00,19472.00,18275.00,23849.00,20132.00,11838.00,9396.00,682.00,13968.00,1141.00,17308.00,12833.00,16956.00,3170.00,4068.00,6591.00,2544.00,6944.00,1400.00,23959.00,11127.00,2747.00,4807.00,19720.00,319002.00,8162.00,21124.00,51.00,72.00,72.00,22.00,64.00,3421.00,3492.00,4916.00,75.00,8651.00,2385.00,17376.00,4050.00,3718.00,763.00,0.00,1119.00,6359.00,0.00,328.00,4528.00,1969.00,4924.00,184258.00,0.00,1056874.00,5545237.00,20261.00,0.00,0.00,1818532.00,1621322.00,3439846.00,9005343.00,10062218.00,505372.00,410829.00,916201.00,0.00,0.00,0.00,9146017.00,10062217.00
100,0.00,0.00,0.00,0.00,0.00,0.00,0.00,0.00,0.00,0.00,0.00,0.00,0.00,0.00,0.00,0.00,0.00,0.00,0.00,0.00,0.00,0.00,0.00,0.00,0.00,0.00,0.00,0.00,0.00,0.00,0.00,0.00,0.00,0.00,0.00,0.00,0.00,0.00,0.00,0.00,0.00,0.00,0.00,0.00,0.00,0.00,0.00,0.00,0.00,0.00,0.00,0.00,0.00,0.00,0.00,0.00,0.00,0.00,0.00,0.00,0.00,0.00,0.00,0.00,0.00,0.00,0.00,0.00,0.00,0.00,0.00,0.00,0.00,0.00,0.00,0.00,0.00,0.00,0.00,0.00,0.00,0.00,0.00,0.00,0.00,0.00,0.00,0.00,0.00,0.00,0.00,0.00,0.00,0.00,0.00,0.00,0.00,0.00,0.00,0.00,0.00,0.00,0.00,0.00,0.00,0.00,0.00,0.00,0.00,0.00,0.00,0.00,0.00,0.00,0.00,0.00,0.00,0.00
190,1196375.00,505414.00,204215.00,85197.00,206644.00,176116.00,61268.00,134112.00,41333.00,619314.00,298445.00,18068.00,7191.00,156339.00,65748.00,0.00,18898.00,52633.00,47760.00,255098.00,51233.00,534992.00,227683.00,3123.00,141696.00,4346.00,39592.00,9544.00,1331.00,614.00,113941.00,20892.00,160849.00,1114389.00,739294.00,900593.00,6554.00,304723.00,866742.00,876501.00,3065078.00,98603.00,2079981.00,1273471.00,1883947.00,781180.00,151015.00,10962187.00,361545.00,3956166.00,7288683.00,5509164.00,3849365.00,2896907.00,2210741.00,474393.00,1581565.00,88353.00,1371079.00,893558.00,3516152.00,1159823.00,1276704.00,2048537.00,192237.00,2189065.00,582930.00,1029800.00,2763791.00,137114.00,161917.00,7717880.00,10587581.00,1058575.00,8713586.00,141547.00,973860.00,619917.00,324059.00,65742.00,376501.00,566428.00,481861.00,20834.00,47136.00,94931.00,482334.00,31216.00,75126.00,9975.00,509.00,57522.00,947751.00,0.00,7663.00,123564.00,98732.00,276195.00,2265159.00,0.00,112270030.00,114843627.00,10663314.00,31063237.00,8050107.00,50031762.00,70615913.00,120647675.00,285267960.00,397537991.00,41331544.00,74255788.00,115587332.00,0.00,0.00,0.00,281950658.00,397537989.00
200,0.00,0.00,0.00,0.00,0.00,0.00,0.00,0.00,0.00,0.00,0.00,0.00,0.00,0.00,0.00,0.00,0.00,0.00,0.00,0.00,0.00,0.00,0.00,0.00,0.00,0.00,0.00,0.00,0.00,0.00,0.00,0.00,0.00,0.00,0.00,0.00,0.00,0.00,0.00,0.00,0.00,0.00,0.00,0.00,0.00,0.00,0.00,0.00,0.00,0.00,0.00,0.00,0.00,0.00,0.00,0.00,0.00,0.00,0.00,0.00,0.00,0.00,0.00,0.00,0.00,0.00,0.00,0.00,0.00,0.00,0.00,0.00,0.00,0.00,0.00,0.00,0.00,0.00,0.00,0.00,0.00,0.00,0.00,0.00,0.00,0.00,0.00,0.00,0.00,0.00,0.00,0.00,0.00,0.00,0.00,0.00,0.00,0.00,0.00,0.00,0.00,,,,,,,,,,,,,,,,,
201,5725242.00,1951632.00,524447.00,464752.00,833002.00,2541577.00,195075.00,233842.00,125883.00,1262388.00,1824664.00,37552.00,7411.00,277717.00,124736.00,0.00,29270.00,63855.00,97890.00,29548.00,171310.00,260785.00,664756.00,3681.00,133225.00,3118.00,361710.00,102163.00,12709.00,4612.00,581201.00,90264.00,632965.00,204038.00,228229.00,276696.00,9416.00,966760.00,480287.00,297371.00,235356.00,7306.00,564181.00,342746.00,265818.00,131528.00,40079.00,4732992.00,206762.00,744587.00,1001359.00,925638.00,1285582.00,207182.00,290075.00,93053.00,233292.00,17499.00,208533.00,164947.00,862876.00,364897.00,429702.00,489712.00,103533.00,633906.00,124539.00,168181.00,1117753.00,82758.00,99746.00,4152970.00,8025291.00,353492.00,1902216.00,138811.00,402144.00,241924.00,126260.00,20527.00,194217.00,167281.00,693907.00,24195.00,608743.00,149269.00,474862.00,23891.00,143491.00,6709.00,2018.00,312593.00,671504.00,7040004.00,17080.00,616724.00,238062.00,166587.00,1662548.00,0.00,66589219.00,,,,,,,,,,,,,,,,,
202,3244859.00,1068908.00,496541.00,301755.00,379765.00,1626600.00,112773.00,469400.00,226275.00,254418.00,1400114.00,62051.00,3842.00,310028.00,166949.00,0.00,25993.00,23226.00,102870.00,44921.00,332361.00,121088.00,1475812.00,3812.00,61180.00,1545.00,159760.00,57457.00,7638.00,3421.00,458179.00,76340.00,535325.00,11727.00,88846.00,111685.00,8066.00,1335996.00,1659841.00,778490.00,235048.00,2688.00,626000.00,261060.00,103818.00,205605.00,16253.00,2915671.00,216768.00,1793639.00,529669.00,1447917.00,932486.00,116278.00,117575.00,124816.00,103654.00,28534.00,148609.00,226973.00,615908.00,487519.00,1093273.00,386753.00,223045.00,410751.00,97024.00,270788.00,980499.00,128164.00,197997.00,3467638.00,12492710.00,411549.00,3302648.00,5137.00,1264095.00,968108.00,471441.00,22724.00,148690.00,94947.00,1942348.00,43003.00,968438.00,232169.00,420186.00,97357.00,297964.00,9360.00,2816.00,2373871.00,1442887.00,0.00,27026.00,105006.00,66371.00,113182.00,5022132.00,0.00,68468444.00,,,,,,,,,,,,,,,,,
203,22579.00,30412.00,2979.00,4928.00,71312.00,5749.00,4110.00,107875.00,58072.00,281093.00,131968.00,1899.00,888.00,1170.00,4301.00,0.00,4362.00,9534.00,81488.00,79011.00,64426.00,44434.00,121223.00,1640.00,7861.00,2641.00,19190.00,5862.00,2863.00,827.00,33992.00,13888.00,97393.00,15170.00,16885.00,19205.00,9201.00,454879.00,52203.00,57228.00,5953.00,304.00,51940.00,13880.00,41257.00,12020.00,3979.00,824893.00,42510.00,217858.00,53412.00,225238.00,441588.00,2097.00,31449.00,11823.00,60107.00,4738.00,8617.00,59093.00,51751.00,50506.00,54985.00,47703.00,57999.00,104247.00,8380.00,9084.00,731693.00,47505.00,22050.00,240309.00,7899148.00,157993.00,289381.00,5181.00,183550.00,121701.00,91045.00,3978.00,56140.00,39538.00,208908.00,13325.00,175683.00,38411.00,20180.00,2868.00,78560.00,269.00,81.00,165393.00,43381.00,352000.00,11319.00,182611.00,18356.00,6813.00,135468.00,0.00,15784991.00,,,,,,,,,,,,,,,,,
204,70963.00,43445.00,19315.00,3942.00,8864.00,30954.00,20549.00,58599.00,46876.00,151741.00,438084.00,7609.00,364.00,17445.00,8430.00,0.00,1791.00,327004.00,78759.00,20786.00,40959.00,9793.00,34732.00,822.00,137894.00,1821.00,63305.00,12093.00,1014.00,505.00,5788.00,1643.00,11512.00,23086.00,12825.00,14860.00,3171.00,29193.00,48222.00,49392.00,398.00,154.00,99857.00,16947.00,22956.00,48175.00,5005.00,9471014.00,2519.00,148594.00,42557.00,273429.00,124232.00,8083.00,42484.00,13733.00,17200.00,2257.00,7968.00,20819.00,29031.00,39202.00,79783.00,56060.00,44595.00,28118.00,2436.00,6011.00,602954.00,70044.00,12542.00,107953.00,3271929.00,187452.00,872144.00,1146.00,136621.00,120368.00,70807.00,2349.00,58583.00,18197.00,231530.00,11061.00,100934.00,18355.00,7893.00,1180.00,43138.00,1355.00,408.00,112905.00,61491.00,0.00,1661.00,120046.00,4589.00,862.00,60710.00,0.00,18837974.00,,,,,,,,,,,,,,,,,
209,9063644.00,3094397.00,1043283.00,775377.00,1292944.00,4204879.00,332507.00,869716.00,457107.00,1949640.00,3794830.00,109111.00,12505.00,606360.00,304416.00,0.00,61416.00,423619.00,361007.00,174265.00,609056.00,436101.00,2296523.00,9955.00,340160.00,9126.00,603965.00,177575.00,24223.00,9365.00,1079161.00,182136.00,1277195.00,254021.00,346785.00,422446.00,29855.00,2786828.00,2240553.00,1182480.00,476755.00,10452.00,1341979.00,634633.00,433849.00,397328.00,65317.00,17944570.00,468559.00,2904679.00,1626997.00,2872221.00,2783889.00,333640.00,481582.00,243425.00,414253.00,53028.00,373727.00,471832.00,1559567.00,942123.00,1657744.00,980228.00,429172.00,1177022.00,232379.00,454065.00,3432899.00,328470.00,332334.00,7968869.00,31689079.00,1110487.00,6366390.00,150274.00,1986410.00,1452101.00,759553.00,49579.00,457630.00,319963.00,3076692.00,91585.00,1853798.00,438204.00,923121.00,125296.00,563153.00,17692.00,5322.00,2964763.00,2219263.00,7392004.00,72087.00,1024387.00,327377.00,287443.00,6880858.00,0.00,169680628.00,,,,,,,,,,,,,,,,,
210,10260019.00,3599811.00,1247498.00,860574.00,1499588.00,4380995.00,393775.00,1003828.00,498440.00,2568954.00,4093275.00,127179.00,19696.00,762699.00,370164.00,0.00,80314.00,476252.00,408768.00,429364.00,660289.00,971093.00,2524207.00,13078.00,481856.00,13472.00,643557.00,187120.00,25554.00,9979.00,1193103.00,203028.00,1438044.00,1368411.00,1086079.00,1323039.00,36409.00,3091552.00,3107295.00,2058981.00,3541832.00,109055.00,3421959.00,1908103.00,2317796.00,1178508.00,216332.00,28906757.00,830104.00,6860845.00,8915680.00,8381385.00,6633254.00,3230547.00,2692323.00,717818.00,1995818.00,141381.00,1744806.00,1365390.00,5075719.00,2101946.00,2934448.00,3028765.00,621409.00,3366087.00,815308.00,1483865.00,6196689.00,465584.00,494251.00,15686749.00,42276659.00,2169062.00,15079975.00,291821.00,2960270.00,2072018.00,1083612.00,115321.00,834131.00,886391.00,3558553.00,112418.00,1900934.00,533135.00,1405455.00,156512.00,638279.00,27667.00,5830.00,3022284.00,3167014.00,7392004.00,79750.00,1147951.00,426110.00,563638.00,9146017.00,0.00,281950658.00,,,,,,,,,,,,,,,,,
